sentence,lexicon_subjective,lexicon_positive,lexicon_negative,lexicon_quotation_exclamation,lexicon_subjective_prop,lexicon_positive_prop,lexicon_negative_prop,lexicon_quotation_exclamation_prop,subjectivity
"Os dois se mudam para uma casa com fama de má assombrada em Faetherbank, no interior e descobrem às duras penas que a residência possui relação com crimes macabros na cidade.",5.0,5.0,5.0,5.0,0.1515151515151515,0.1515151515151515,0.1515151515151515,0.1515151515151515,0.0
"Conta a historia de cada uma de seus momentos marcantes de tim tim por tim fala de os conflitos de uma amizade, de a tristeza quando acontece algo com alguma amiga ...",5.0,5.0,5.0,5.0,0.1515151515151515,0.1515151515151515,0.1515151515151515,0.1515151515151515,0.0
"De leitura muito fácil, é um livro acessível aos mais jovens.",3.0,3.0,3.0,3.0,0.2307692307692307,0.2307692307692307,0.2307692307692307,0.2307692307692307,0.0
"Ainda arrasado após a perda da esposa, Tom Kennedy se muda com o filho Jake para o pacato vilarejo de Featherbank, em busca de um recomeço mais do que necessário.",3.0,3.0,3.0,3.0,0.0909090909090909,0.0909090909090909,0.0909090909090909,0.0909090909090909,0.0
"Vinte anos antes, um pervertido assassino em série sequestrou e matou cinco meninos.",2.0,2.0,2.0,2.0,0.1333333333333333,0.1333333333333333,0.1333333333333333,0.1333333333333333,0.0
"Nesse livro se desenrola uma história onde o próprio assassino se torna vitima de seu plano, mas não porque tenha dado errado, mas pelo contrario, deu tão certo que quando ele quis contar a verdade ninguém, mas ninguém mesmo, acreditava nele.",7.0,7.0,7.0,7.0,0.1489361702127659,0.1489361702127659,0.1489361702127659,0.1489361702127659,0.0
"O livro em si trata de forma intensa a vida de um portador de transtorno mental, nos alerta quanto as maneiras de lidar com pessoas que passam por isso.",4.0,4.0,4.0,4.0,0.1290322580645161,0.1290322580645161,0.1290322580645161,0.1290322580645161,0.0
Indicado para crianças e pré-adolescentes!,0.0,0.0,0.0,0.0,0.0,0.0,0.0,0.0,0.0
"O livro é um compilado de 10 contos peculiares (sério?) feito pelo estudioso de peculiaridades Millard Nullings, e retrata o folclore das crianças.",1.0,1.0,1.0,1.0,0.0357142857142857,0.0357142857142857,0.0357142857142857,0.0357142857142857,0.0
Ele é um amigo muito querido e respeitado pela família Woodhouse,4.0,4.0,4.0,4.0,0.3636363636363636,0.3636363636363636,0.3636363636363636,0.3636363636363636,0.0
"O livro mostra basicamente três coisas que Hemingway mais gostava. Bebida, boemia e a força da natureza contra o homem.",3.0,3.0,3.0,3.0,0.1304347826086956,0.1304347826086956,0.1304347826086956,0.1304347826086956,0.0
"A leitura é curta e simples, apesar de ter uma crítica enorme por entre as linhas.",2.0,2.0,2.0,2.0,0.1111111111111111,0.1111111111111111,0.1111111111111111,0.1111111111111111,0.0
"O país e o povo vivem em torpor, um torpor causado pela fome, pela falta de esperança, pela proximidade com a morte.",5.0,5.0,5.0,5.0,0.1923076923076923,0.1923076923076923,0.1923076923076923,0.1923076923076923,0.0
Muidinga e Tuahir servem de voz condutora ligando os muitos fios fabulários num eixo comum.,1.0,1.0,1.0,1.0,0.0625,0.0625,0.0625,0.0625,0.0
"O marido de Verity, Jeremy Crawford, e Lowen combinam da mulher passar um tempo na casa deles para analisar todo o material de Verity.",1.0,1.0,1.0,1.0,0.037037037037037,0.037037037037037,0.037037037037037,0.037037037037037,0.0
"Um livro que explicita com detalhes as consequências de uma guerra, com mistura da cultura africana e o realismo mágico.",4.0,4.0,4.0,4.0,0.1818181818181818,0.1818181818181818,0.1818181818181818,0.1818181818181818,0.0
"E nessas história a quantidade de temas é gigantesca: racismo, abandono, violência, colonização, sexualidade, identidade nacional etc.",3.0,3.0,3.0,3.0,0.1304347826086956,0.1304347826086956,0.1304347826086956,0.1304347826086956,0.0
"No meio do material sobre os livros, Lowen encontra um manuscrito que descobre ser uma autobiografia da mulher.",0.0,0.0,0.0,0.0,0.0,0.0,0.0,0.0,0.0
O enredo mostra o conflito dos personagens entre os meios e os fins para solucionar o problema de superpopulação do planeta.,2.0,2.0,2.0,2.0,0.0909090909090909,0.0909090909090909,0.0909090909090909,0.0909090909090909,0.0
"Inferno remete claramente à obra Divina Comédia do artista Dante Alighieri e seus desdobramentos, onde a pessoa que comete pecados deve sofrer muito para ter a chance de chegar ao Paraíso.",4.0,4.0,4.0,4.0,0.1212121212121212,0.1212121212121212,0.1212121212121212,0.1212121212121212,0.0
O livro também aborda a superpopulação como um problema de saúde pública.,3.0,3.0,3.0,3.0,0.2307692307692307,0.2307692307692307,0.2307692307692307,0.2307692307692307,0.0
A capa contém tons acinzentados com a imagem de Dante e possui dois gráficos.,1.0,1.0,1.0,1.0,0.0666666666666666,0.0666666666666666,0.0666666666666666,0.0666666666666666,0.0
"O livro foi adaptado para o cinema, mas com alterações, como sempre.",1.0,1.0,1.0,1.0,0.0666666666666666,0.0666666666666666,0.0666666666666666,0.0666666666666666,0.0
"O conto se passa no interior de Minas, existindo farta nomeação de lugares e regiões.",0.0,0.0,0.0,0.0,0.0,0.0,0.0,0.0,0.0
"Apesar dos neologismos, que podem tornar a leitura um complexa, ele busca a alma dos sertanejos e dos moradores das regiões rurais.",0.0,0.0,0.0,0.0,0.0,0.0,0.0,0.0,0.0
"O Partido utiliza das seguintes ferramentas para controlar a população: a teletela, uma fusão de televisão, câmera e escuta para espionagem.",1.0,1.0,1.0,1.0,0.04,0.04,0.04,0.04,0.0
"Ler 1984 é um ato de legítima defesa, onde a cada página aprendemos como as engrenagens realmente funcionam na história política da humanidade.",2.0,2.0,2.0,2.0,0.08,0.08,0.08,0.08,0.0
"Vivendo em uma sociedade distópica, Winston, o herói da história, vive uma vida de medo e sofrimento.",2.0,2.0,2.0,2.0,0.0952380952380952,0.0952380952380952,0.0952380952380952,0.0952380952380952,0.0
"Tudo é controlado minuciosamente pelo partido e tudo é vigiado pelo grande irmão, que é o único salvador e pessoa chave da ideologia.",3.0,3.0,3.0,3.0,0.12,0.12,0.12,0.12,0.0
"Eles enfrentaram os mistérios mais sinistros dos últimos sessenta anos, sempre em busca da verdade.",1.0,1.0,1.0,1.0,0.0588235294117647,0.0588235294117647,0.0588235294117647,0.0588235294117647,0.0
"Levanta algumas questões filosóficas mas não se aprofunda muito, deixa pra o leitor refletir depois.",1.0,1.0,1.0,1.0,0.0588235294117647,0.0588235294117647,0.0588235294117647,0.0588235294117647,0.0
Após uma guerra nuclear poucos seres humanos permaneceram na Terra.,1.0,1.0,1.0,1.0,0.0909090909090909,0.0909090909090909,0.0909090909090909,0.0909090909090909,0.0
Boa parte da população agora vive em Marte junto a androides contruídos para trabalhar em grandes explorações espaciais.,2.0,2.0,2.0,2.0,0.1052631578947368,0.1052631578947368,0.1052631578947368,0.1052631578947368,0.0
Para suprir necessidades de afeto foram criadas versões mecânicas dos bichinhos de estimação.,2.0,2.0,2.0,2.0,0.1428571428571428,0.1428571428571428,0.1428571428571428,0.1428571428571428,0.0
"Deckard, entretanto, não tem condições financeiras para isso e por isso continua preso à Terra e se torna um caçador de androides.",0.0,0.0,0.0,0.0,0.0,0.0,0.0,0.0,0.0
"Ao mesmo tempo pode-se perceber toda a crueldade que a Segunda Guerra Mundial espalhava, dividindo as pessoas entre o medo, a submissão e a sede de justiça.",3.0,3.0,3.0,3.0,0.1,0.1,0.1,0.1,0.0
Bruno não suspeita que esse menino é judeu e está trancado naquele terreno com seu povo.,1.0,1.0,1.0,1.0,0.0588235294117647,0.0588235294117647,0.0588235294117647,0.0588235294117647,0.0
"Bruno não conta sobre o novo amigo para sua família e, à medida que os dias passam, a amizade secreta entre os dois cresce.",2.0,2.0,2.0,2.0,0.074074074074074,0.074074074074074,0.074074074074074,0.074074074074074,0.0
"Bruno observa por dias a cerca, e muitas perguntas se formam, ele não entende porque todos usam pijama listrado.",1.0,1.0,1.0,1.0,0.0454545454545454,0.0454545454545454,0.0454545454545454,0.0454545454545454,0.0
"Por conta do novo cargo do pai, a família acaba tendo que se mudar.",0.0,0.0,0.0,0.0,0.0,0.0,0.0,0.0,0.0
"A nova casa não agrada o menino; fica longe de Berlim e é um local muito isolado, repleto de soldados trabalhando.",3.0,3.0,3.0,3.0,0.125,0.125,0.125,0.125,0.0
"A narrativa é feita em terceira pessoa, porém pelos olhos de Bruno, por isso toda a simplicidade e inocência.",2.0,2.0,2.0,2.0,0.0909090909090909,0.0909090909090909,0.0909090909090909,0.0909090909090909,0.0
Ele confunde o nome do local de sua nova residência e entende de maneira errônea o título de Führer.,1.0,1.0,1.0,1.0,0.05,0.05,0.05,0.05,0.0
"E essa inocência expõe ainda mais tudo aquilo que os nazistas fizeram de ruim, deixa tudo mais evidente.",2.0,2.0,2.0,2.0,0.1,0.1,0.1,0.1,0.0
"Norman é o racional, é quem limpa a sujeira e os protege das consequências dos atos da mãe.",1.0,1.0,1.0,1.0,0.05,0.05,0.05,0.05,0.0
"Quando ela está no meio da estrada a noite, começa um temporal e sua única opção é parar no motel mais próximo.",0.0,0.0,0.0,0.0,0.0,0.0,0.0,0.0,0.0
"Mas chegando lá, ela não está e ele também não tem nenhuma notícia.",0.0,0.0,0.0,0.0,0.0,0.0,0.0,0.0,0.0
Então Lily e Sam se juntam com um detetive particular e vão em busca de Mary.,0.0,0.0,0.0,0.0,0.0,0.0,0.0,0.0,0.0
"Norman Bates vive sozinho, tomando conta do Motel Bates numa estrada agora abandonada num local isolado.",1.0,1.0,1.0,1.0,0.0555555555555555,0.0555555555555555,0.0555555555555555,0.0555555555555555,0.0
"Dado o sumiço de Mary, o roubo é notado e muitas pessoas estão interessadas em encontrá-la.",1.0,1.0,1.0,1.0,0.0555555555555555,0.0555555555555555,0.0555555555555555,0.0555555555555555,0.0
"Um dia, Mary é encarregada pelo chefe de fazer um depósito no banco de uma grande quantidade de dinheiro.",1.0,1.0,1.0,1.0,0.0476190476190476,0.0476190476190476,0.0476190476190476,0.0476190476190476,0.0
Mas ela tem uma atitude impulsiva e foge com o dinheiro.,0.0,0.0,0.0,0.0,0.0,0.0,0.0,0.0,0.0
"Bates se dedica apenas a cuidar do motel da família, onde sofreu uma grande queda de clientes desde que uma nova rodovia foi criada.",6.0,6.0,6.0,6.0,0.2307692307692307,0.2307692307692307,0.2307692307692307,0.2307692307692307,0.0
O livro conta a história de cinco homens que estão numa taverna bebendo e contando histórias.,2.0,2.0,2.0,2.0,0.1176470588235294,0.1176470588235294,0.1176470588235294,0.1176470588235294,0.0
"As cinco histórias possuem traços em comum, assim como os seus narradores.",1.0,1.0,1.0,1.0,0.0714285714285714,0.0714285714285714,0.0714285714285714,0.0714285714285714,0.0
"Ele se apaixona por uma espanhola chamada Ângela, que mata o próprio marido e a própria filha para ficar com Bertram.",1.0,1.0,1.0,1.0,0.0434782608695652,0.0434782608695652,0.0434782608695652,0.0434782608695652,0.0
"Os dois ficam juntos, mas depois de um tempo ela parte e ele vai para a Itália, viver aventuras no mar.",1.0,1.0,1.0,1.0,0.0416666666666666,0.0416666666666666,0.0416666666666666,0.0416666666666666,0.0
Ele conta que era aprendiz de um pintor.,0.0,0.0,0.0,0.0,0.0,0.0,0.0,0.0,0.0
"A edição que li, tem 96 páginas e tem uma linguagem carregada do rebuscamento do período.",0.0,0.0,0.0,0.0,0.0,0.0,0.0,0.0,0.0
"Na narrativa é possível identificar a comparação entre campo e cidade, comum nas histórias do autor, assim como a relação entre a elite e a classe trabalhadora.",1.0,1.0,1.0,1.0,0.0333333333333333,0.0333333333333333,0.0333333333333333,0.0333333333333333,0.0
"É uma importante obra que marca a terceira fase de Queirós, mais pós-realista.",1.0,1.0,1.0,1.0,0.0666666666666666,0.0666666666666666,0.0666666666666666,0.0666666666666666,0.0
"Mas o núcleo da ação se desenvolve no final do século, sendo, portanto, contemporânea à publicação da obra.",1.0,1.0,1.0,1.0,0.0454545454545454,0.0454545454545454,0.0454545454545454,0.0454545454545454,0.0
"Ambos os personagens principais passam por muitas mudanças ao longo do enredo e tem suas ideologias/opiniões postas à prova e, por vezes, modificadas.",1.0,1.0,1.0,1.0,0.0357142857142857,0.0357142857142857,0.0357142857142857,0.0357142857142857,0.0
"O texto reforça que uma das maiores capacidades do ser humano, é a de poder estar errado, de errar, e depois, a de poder corrigir ou permanecer errado.",7.0,7.0,7.0,7.0,0.2121212121212121,0.2121212121212121,0.2121212121212121,0.2121212121212121,0.0
"Os leitores encontrarão muitos pontos em comum com religiões ou filosofias, especialmente orientais, se já tiverem tido contato.",1.0,1.0,1.0,1.0,0.0476190476190476,0.0476190476190476,0.0476190476190476,0.0476190476190476,0.0
"Tem capa dura, as laterias das folhas em vermelho, folhas amareladas, notas sobre as fontes, curiosidades e muitas imagens.",1.0,1.0,1.0,1.0,0.0416666666666666,0.0416666666666666,0.0416666666666666,0.0416666666666666,0.0
"Um livro com muitas curiosidades sobre a morte, e como ela ""vira pó"" para aquele que são cremados.",2.0,2.0,2.0,2.0,0.0909090909090909,0.0909090909090909,0.0909090909090909,0.0909090909090909,0.0
"Os pitiguaras, que vivem na costa cearense, são inimigos naturais dos tabajaras, que vivem mais para o interior.",2.0,2.0,2.0,2.0,0.0909090909090909,0.0909090909090909,0.0909090909090909,0.0909090909090909,0.0
O livro trata da relação entre as novidades e modas das grandes cidades (no livro representadas por Paris) e os prazeres simples da vida no campo (as serras de Portugal).,5.0,5.0,5.0,5.0,0.1428571428571428,0.1428571428571428,0.1428571428571428,0.1428571428571428,0.0
"O conto de Aia foi escrito pela canadense Margaret Atwood em 1985, mas voltou a ser um dos mais vendidos devido a série The Handmaid's Tale, que foi baseada no livro.",1.0,1.0,1.0,1.0,0.0285714285714285,0.0285714285714285,0.0285714285714285,0.0285714285714285,0.0
"As mudanças são bruscas e as mulheres são as mais prejudicadas pois perderam os direitos de trabalhar, de serem alfabetizadas, de votar e praticamente de serem livres.",4.0,4.0,4.0,4.0,0.1333333333333333,0.1333333333333333,0.1333333333333333,0.1333333333333333,0.0
"E a última casta é a das Aias, que são mulheres de vermelho, em idade fértil, usadas exclusivamente para procriar.",2.0,2.0,2.0,2.0,0.0833333333333333,0.0833333333333333,0.0833333333333333,0.0833333333333333,0.0
"Isso porque devido a questões desconhecidas, muitas pessoas se tornaram inférteis.",0.0,0.0,0.0,0.0,0.0,0.0,0.0,0.0,0.0
"E as mulheres que têm mais chances de engravidar são obrigadas a terem relações sexuais com os comandantes e quando dão a luz, são obrigadas a deixarem seus filhos.",0.0,0.0,0.0,0.0,0.0,0.0,0.0,0.0,0.0
"A história é narrada através de uma Aia, que conta desde sua vida antes do golpe, quando ainda vivia com seu marido e filha, sobre o tempo que passou no Centro Vermelho, onde foi treinada para a vida de Aia.",1.0,1.0,1.0,1.0,0.0222222222222222,0.0222222222222222,0.0222222222222222,0.0222222222222222,0.0
Até o seu cotidiano na casa do Comandante onde começa a descobrir que nem tudo é como se imagina.,0.0,0.0,0.0,0.0,0.0,0.0,0.0,0.0,0.0
"Se trata de uma distopia, um futuro não muito distante, onde tudo muda da noite pro dia e as mulheres são as principais vítimas.",4.0,4.0,4.0,4.0,0.1481481481481481,0.1481481481481481,0.1481481481481481,0.1481481481481481,0.0
"Offred um dia foi casada com Luke, com quem teve uma filha, Hanna – os quais ela não faz ideia se estão vivos ou não.",1.0,1.0,1.0,1.0,0.0357142857142857,0.0357142857142857,0.0357142857142857,0.0357142857142857,0.0
A região de Gilead é tomada por uma ditadura patriarcal fortemente fomentada por um aparato cristão distorcido,0.0,0.0,0.0,0.0,0.0,0.0,0.0,0.0,0.0
"Regida por versões exageradas e distorcidas do Velho Testamento, a sociedade está agora dividia em castas masculinas e femininas.",3.0,3.0,3.0,3.0,0.1428571428571428,0.1428571428571428,0.1428571428571428,0.1428571428571428,0.0
"Em 1985 o autor apresenta a vida ""atual"" dos antigos amigos do grupo de Bill Denbrough, chamado Clube dos Otários.",1.0,1.0,1.0,1.0,0.0416666666666666,0.0416666666666666,0.0416666666666666,0.0416666666666666,0.0
Zobrist um gênio cientista a frente do seu tempo cria um vírus que promete acabar com a superpopulação da Terra que em breve irá entrar em colapso.,3.0,3.0,3.0,3.0,0.1071428571428571,0.1071428571428571,0.1071428571428571,0.1071428571428571,0.0
A leitura era realizada nos intervalos do trabalho e atividades diárias fora de casa.,1.0,1.0,1.0,1.0,0.0666666666666666,0.0666666666666666,0.0666666666666666,0.0666666666666666,0.0
Mais uma vez Robert Langdon se viu na iminência de ter que resolver enigmas e mensagens para ajudar a encontrar algo que poderia afetar toda a humanidade.,1.0,1.0,1.0,1.0,0.0357142857142857,0.0357142857142857,0.0357142857142857,0.0357142857142857,0.0
"A história começa com o renomado professor universitário de simbologia da Harvard, Robert Langdon acordando dentro do hospital, um pouco desorientado e com um ferimento na cabeça causado por um tiro de raspão na parte de trás da nuca.",1.0,1.0,1.0,1.0,0.0238095238095238,0.0238095238095238,0.0238095238095238,0.0238095238095238,0.0
"Ao sentar na cama e observar pela janela do quarto, Robert percebeu que não estava em Massachusetts e sim, em Florença.",1.0,1.0,1.0,1.0,0.0416666666666666,0.0416666666666666,0.0416666666666666,0.0416666666666666,0.0
"Não lembrança de nada das últimas trinta e seis horas, não tem a menor idéia de como saiu dos Estados Unidos e chegou até a Itália e porque estava numa cama de hospital.",1.0,1.0,1.0,1.0,0.0285714285714285,0.0285714285714285,0.0285714285714285,0.0285714285714285,0.0
Ferido e sem saber o que fazer Robert consegue fugir do hospital com ajuda da Dra. Brooks.,3.0,3.0,3.0,3.0,0.1578947368421052,0.1578947368421052,0.1578947368421052,0.1578947368421052,0.0
Esse objeto era tão importante que associava Robert ao trabalho de um cientista brilhante que afirmava que a humanidade estava em risco devido ao crescimento celerado da população.,3.0,3.0,3.0,3.0,0.1034482758620689,0.1034482758620689,0.1034482758620689,0.1034482758620689,0.0
"A teoria do cientista é extremamente radical, condenando a Organização Mundial da Saúde e os governantes mundiais, por estarem ignorando o alerta que a natureza está mostrando e a super população mundial consumindo mais do que o normal.",4.0,4.0,4.0,4.0,0.0975609756097561,0.0975609756097561,0.0975609756097561,0.0975609756097561,0.0
A hora e vez de Augusto Matraga aponta para a tendência criada por Guimarães Rosa do regionalismo universalizante.,1.0,1.0,1.0,1.0,0.0526315789473684,0.0526315789473684,0.0526315789473684,0.0526315789473684,0.0
"O tempo da narrativa está mais voltado ao psicológico, ou seja, indeterminado.",0.0,0.0,0.0,0.0,0.0,0.0,0.0,0.0,0.0
"O espaço Minas Gerais, mais especificamente o Norte de Minas, destacando-se nomes de vilarejos e lugares do sertão.",0.0,0.0,0.0,0.0,0.0,0.0,0.0,0.0,0.0
"Fugindo da seca, vivem da exploração da terra e da exploração do patrão.",0.0,0.0,0.0,0.0,0.0,0.0,0.0,0.0,0.0
"Diante das dificuldades da vida, o simples fato de não saber ler e nem contar, impõem o jugo da impotência.",3.0,3.0,3.0,3.0,0.1304347826086956,0.1304347826086956,0.1304347826086956,0.1304347826086956,0.0
"Os personagens como Sinha Vitória(mãe), Fabiano(pai), Menino mais velho, Menino mais novo (filhos) e a Baleia (cachorra) são uma família que vivem na seca do Nordeste",0.0,0.0,0.0,0.0,0.0,0.0,0.0,0.0,0.0
"É uma obra com grande significado sociológico, pois mostra a coisificação das pessoas. Vidas Secas é uma denúncia social.",1.0,1.0,1.0,1.0,0.0454545454545454,0.0454545454545454,0.0454545454545454,0.0454545454545454,0.0
Foi uma obra muito importante para a segunda fase do modernismo por ser uma literatura regionalista com grande teor político e psicológico.,3.0,3.0,3.0,3.0,0.1304347826086956,0.1304347826086956,0.1304347826086956,0.1304347826086956,0.0
"Em Vidas Secas, o autor mostra a família de Fabiano migrando pela necessidade de sobrevivência, saindo de sua casa antes do dia amanhecer, fugindo das dívidas, da seca e da miséria.",2.0,2.0,2.0,2.0,0.0555555555555555,0.0555555555555555,0.0555555555555555,0.0555555555555555,0.0
A falta de instrução das pessoas e a dificuldade que enfrentam ao se relacionar até mesmo uns com os outros pela falta de vocabulário faz o livro ter diálogos curtos e simples.,5.0,5.0,5.0,5.0,0.1515151515151515,0.1515151515151515,0.1515151515151515,0.1515151515151515,0.0
"1984 apresenta uma distopia onde o mundo fora dividido em 3 grandes estados: a Oceania, a Lestasia e a Eurasia.",2.0,2.0,2.0,2.0,0.0869565217391304,0.0869565217391304,0.0869565217391304,0.0869565217391304,0.0
"O Partido é o governo de Oceania e partilha dos seguintes lemas: ""Guerra é paz, Liberdade é escravidão e Ignorância é forca"".",1.0,1.0,1.0,1.0,0.037037037037037,0.037037037037037,0.037037037037037,0.037037037037037,0.0
"Naquele verão, eles enfrentaram pela primeira vez a Coisa, um ser sobrenatural e maligno que deixou terríveis marcas de sangue em Derry.",0.0,0.0,0.0,0.0,0.0,0.0,0.0,0.0,0.0
"O Duplipensamento, um método responsável pelo autoconvencimento de que seu raciocínio esta errado e o que vale é a diretriz imposta pelo partido.",2.0,2.0,2.0,2.0,0.08,0.08,0.08,0.08,0.0
"Apesar de ter pré-adolescentes como protagonistas, It é um livro de TERROR para adultos, e como tal, vai se virar contra seus personagens sem piedade.",2.0,2.0,2.0,2.0,0.0689655172413793,0.0689655172413793,0.0689655172413793,0.0689655172413793,0.0
"Guerra constante, falta de liberdade, onde pensar é crime, controle da mente, alteração do passado, incitação ao ódio etc.",6.0,6.0,6.0,6.0,0.25,0.25,0.25,0.25,0.0
"Em “1984” o passado é alterado e destruído constantemente, todos os meios de registros como: livros, quadros, estátuas, ruas, edifícios, músicas, fotografias e invenções",2.0,2.0,2.0,2.0,0.0588235294117647,0.0588235294117647,0.0588235294117647,0.0588235294117647,0.0
"Os escritores românticos, tanto da prosa quanto da poesia, assimilaram os ideais nacionalistas do romantismo europeu e os adaptaram as condições peculiares de nossa realidade.",2.0,2.0,2.0,2.0,0.0714285714285714,0.0714285714285714,0.0714285714285714,0.0714285714285714,0.0
Ela produz uma bebida alucinógena que é dada aos guerreiros em rituais específicos.,1.0,1.0,1.0,1.0,0.0714285714285714,0.0714285714285714,0.0714285714285714,0.0714285714285714,0.0
Martim é um guerreiro português que vive entre a tribo Pitiguara e tem a missão de fiscalizar a costa cearense contra as invasões estrangeiras.,0.0,0.0,0.0,0.0,0.0,0.0,0.0,0.0,0.0
"O tema político é o centro da narrativa, que não é exposto de forma maniqueísta.",2.0,2.0,2.0,2.0,0.1176470588235294,0.1176470588235294,0.1176470588235294,0.1176470588235294,0.0
Nele não tem nenhum mistério a ser solucionado ou algo a ser descoberto como ponto central.,0.0,0.0,0.0,0.0,0.0,0.0,0.0,0.0,0.0
"Barry cai morto no chão, e sua morte é diagnosticada por aneurisma cerebral.",2.0,2.0,2.0,2.0,0.1333333333333333,0.1333333333333333,0.1333333333333333,0.1333333333333333,0.0
"Isso desencadeia uma série de problemas para o vilarejo de Pagford, pois com a morte de Barry, há uma vaga de conselheiro em aberto.",4.0,4.0,4.0,4.0,0.1481481481481481,0.1481481481481481,0.1481481481481481,0.1481481481481481,0.0
"É realmente uma estória sobre como são os seres humanos, como eles vivem em sociedade, e com suas famílias.",1.0,1.0,1.0,1.0,0.0454545454545454,0.0454545454545454,0.0454545454545454,0.0454545454545454,0.0
"O livro aborta muitos assuntos, dentre eles tem traição, violência, estupro, uso de drogas, depressão entre outros.",4.0,4.0,4.0,4.0,0.1739130434782608,0.1739130434782608,0.1739130434782608,0.1739130434782608,0.0
"É uma história adulta, contém palavrões, traição, drogas, estupro, violência doméstica além do cunho político que permeia a trama.",3.0,3.0,3.0,3.0,0.12,0.12,0.12,0.12,0.0
"No natal minha mãe me deu o livro em português, mas ainda estava lendo outro, assim que acabei eu peguei pra ler.",1.0,1.0,1.0,1.0,0.04,0.04,0.04,0.04,0.0
São três Marias que se conhecem no internato e vivem a transição da adolescência para fase adulta juntas.,0.0,0.0,0.0,0.0,0.0,0.0,0.0,0.0,0.0
"A beatitude de Maria José é resultado de uma vida difícil ao lado da mãe e irmãos, uma família destroçada pela inconsequência do pai e pela presença de uma amante.",2.0,2.0,2.0,2.0,0.0625,0.0625,0.0625,0.0625,0.0
"Maria da Glória é fruto da ausência familiar em decorrência da morte. Sem pai e mãe, procurou um casamento para formar sua família.",3.0,3.0,3.0,3.0,0.1153846153846153,0.1153846153846153,0.1153846153846153,0.1153846153846153,0.0
"Raquel Queiroz foi a primeira mulher a ocupar uma cadeira na Academia Brasileira de Letras, apenas em 1977",1.0,1.0,1.0,1.0,0.0526315789473684,0.0526315789473684,0.0526315789473684,0.0526315789473684,0.0
"A história de As Três Marias se passa, em grande parte, na cidade de Fortaleza, no Ceará, terra natal da escritora Rachel de Queiroz.",2.0,2.0,2.0,2.0,0.0689655172413793,0.0689655172413793,0.0689655172413793,0.0689655172413793,0.0
"Apesar de personalidades distintas, as três possuem figuras paternas ausentes. Esse motivo favorece seus estudos num colégio interno feminino e religioso.",2.0,2.0,2.0,2.0,0.0833333333333333,0.0833333333333333,0.0833333333333333,0.0833333333333333,0.0
O primeiro contato que tive com Rachel foi com a leitura de O Memorial de Maria Moura (há mais de quinze anos).,0.0,0.0,0.0,0.0,0.0,0.0,0.0,0.0,0.0
"Rachel de Queiroz foi a primeira mulher a ganhar o Prêmio Camões, em suas obras ela busca retratar a realidade social do povo nordestino, dando sempre ênfase as papel da mulher na sociedade.",2.0,2.0,2.0,2.0,0.0555555555555555,0.0555555555555555,0.0555555555555555,0.0555555555555555,0.0
"O tempo passa, o período no internato acaba e cada uma segue seu rumo, mas sempre próximas.",0.0,0.0,0.0,0.0,0.0,0.0,0.0,0.0,0.0
"Glória se casa e tem um filho, Maria José vai morar com a mãe e com os irmãos, leva uma vida mais regrada, voltada para a religião e se torna professora.",0.0,0.0,0.0,0.0,0.0,0.0,0.0,0.0,0.0
"Triste com os acontecimentos recentes, Guta passa as férias no Rio de Janeiro, conhece Isaac e se envolve com ele, tendo sua primeira noite de amor.",1.0,1.0,1.0,1.0,0.0333333333333333,0.0333333333333333,0.0333333333333333,0.0333333333333333,0.0
"Pouco tempo depois aborta e, após sucessivas desilusões, resolve voltar ao interior para viver com a família",0.0,0.0,0.0,0.0,0.0,0.0,0.0,0.0,0.0
"O início do livro traz um texto do Fábio Fernandes (tradutor) explicando ao leitor os motivos de terem usado determinados termos na tradução, e tentando deixar claro quão complexo as gírias são. ",3.0,3.0,3.0,3.0,0.0833333333333333,0.0833333333333333,0.0833333333333333,0.0833333333333333,0.0
"Quando Anthony Burgess escreveu essa obra, junto confeccionou um vasto vocabulário de gírias a serem usados pelos jovens na sua história.",0.0,0.0,0.0,0.0,0.0,0.0,0.0,0.0,0.0
"Kubrick, ao dirigir a obra para o cinema, baseou-se na edição norte-americana.",0.0,0.0,0.0,0.0,0.0,0.0,0.0,0.0,0.0
"O livro aborda diversos temas sociais, porém o racismo é o foco principal.",3.0,3.0,3.0,3.0,0.2,0.2,0.2,0.2,0.0
"Harper Lee aborda temas muito polêmicos, como o racismo e o Bullying, pelos olhos inocentes de uma criança de 7 anos. ",2.0,2.0,2.0,2.0,0.0833333333333333,0.0833333333333333,0.0833333333333333,0.0833333333333333,0.0
"O livro é contado pela voz de Jean Louise (Scout), alterando com um segundo narrador.",2.0,2.0,2.0,2.0,0.1052631578947368,0.1052631578947368,0.1052631578947368,0.1052631578947368,0.0
"A história criada por Harper Lee se passa em 1935, pouco após a Grande Depressão, uma época em que a discriminação racial era vista como algo perfeitamente normal.",1.0,1.0,1.0,1.0,0.032258064516129,0.032258064516129,0.032258064516129,0.032258064516129,0.0
O livro narra inicialmente a saga de João Romão rumo ao enriquecimento,1.0,1.0,1.0,1.0,0.0833333333333333,0.0833333333333333,0.0833333333333333,0.0833333333333333,0.0
" Para acumular capital, ele explora os empregados e se utiliza até do furto para conseguir atingir seus objetivos.",4.0,4.0,4.0,4.0,0.1904761904761904,0.1904761904761904,0.1904761904761904,0.1904761904761904,0.0
"Opera-se uma transformação no português trabalhador, que muda todos os seus hábitos",1.0,1.0,1.0,1.0,0.0769230769230769,0.0769230769230769,0.0769230769230769,0.0769230769230769,0.0
"o livro fala sobre conflitos que acontece em um cortiço.o cortiço é de João romão, que na base da exploração alheia enriquece",4.0,4.0,4.0,4.0,0.1739130434782608,0.1739130434782608,0.1739130434782608,0.1739130434782608,0.0
" Nele, o autor descreve as características da realidade de pessoas que fazem parte da camada mais humilde da sociedade: lavadeiras, imigrantes, prostitutas, pedreiros, etc.",1.0,1.0,1.0,1.0,0.032258064516129,0.032258064516129,0.032258064516129,0.032258064516129,0.0
Depois que o cortiço sofre um incêndio é reconstruído como uma vila,1.0,1.0,1.0,1.0,0.0833333333333333,0.0833333333333333,0.0833333333333333,0.0833333333333333,0.0
"fiel ao movimento naturalista, os instintos dos personagens se sobrepõem à razão individual e o homem torna-se fruto do meio onde vive ? fator que abala a integridade de qualquer um que no local habite.",4.0,4.0,4.0,4.0,0.1081081081081081,0.1081081081081081,0.1081081081081081,0.1081081081081081,0.0
A falta de tudo e a perspectiva de nada para aquelas pessoas que ali vivem,1.0,1.0,1.0,1.0,0.0666666666666666,0.0666666666666666,0.0666666666666666,0.0666666666666666,0.0
"Jason está a caminho da casa de Helena, quer resolver todas as pontas soltas do seu passado.",2.0,2.0,2.0,2.0,0.1052631578947368,0.1052631578947368,0.1052631578947368,0.1052631578947368,0.0
"Chegando a cidade, descobre um pouco tarde que Helena irá atrasar uns dias para voltar para casa.",0.0,0.0,0.0,0.0,0.0,0.0,0.0,0.0,0.0
"Ele se desculpa e ela vai para casa, chegando em casa, descobre que o mesmo cara que esbarrou, está aguardando sua vizinha Helena.",2.0,2.0,2.0,2.0,0.074074074074074,0.074074074074074,0.074074074074074,0.074074074074074,0.0
"Colateral é o segundo volume da série dos Irmãos Willers, da autora Andt Collins, lançado pela The Gift Box Editora.",0.0,0.0,0.0,0.0,0.0,0.0,0.0,0.0,0.0
"Jason é o irmão mais novo, porém, sempre agiu como o mais velho por ser o responsável por gerenciar a carreira do irmão boxeador.",0.0,0.0,0.0,0.0,0.0,0.0,0.0,0.0,0.0
"Seu pai sequestrou a mãe dela, quando ela ainda era uma adolescente, e dois anos depois Helena nasceu e cresceu, isolada com os pais em um pântano",1.0,1.0,1.0,1.0,0.0333333333333333,0.0333333333333333,0.0333333333333333,0.0333333333333333,0.0
"Dois anos depois que elas foram resgatadas, Jacob foi preso e condenado e isso já faz treze anos.",2.0,2.0,2.0,2.0,0.1,0.1,0.1,0.1,0.0
Ela faz geleias e compotas para vender. Mas Helena nunca contou a verdade sobre seu pai para Stephen,1.0,1.0,1.0,1.0,0.0526315789473684,0.0526315789473684,0.0526315789473684,0.0526315789473684,0.0
"Como a narrativa mostra as lembranças da personagem principal aqui no presente, o livro praticamente não tem diálogos.",2.0,2.0,2.0,2.0,0.1,0.1,0.1,0.1,0.0
O livro tem poucos personagens. É basicamente Helena como a principal e seus pais como coadjuvantes.,2.0,2.0,2.0,2.0,0.1111111111111111,0.1111111111111111,0.1111111111111111,0.1111111111111111,0.0
"Bom, segue minhas impressões, opniões e sentimentos com essa leitura...",1.0,1.0,1.0,1.0,0.0769230769230769,0.0769230769230769,0.0769230769230769,0.0769230769230769,0.0
"Tudo parece andar como tem que ser, parecia que os céus haviam recompensada pelos anos de aprisionamento e maus tratos.",1.0,1.0,1.0,1.0,0.0454545454545454,0.0454545454545454,0.0454545454545454,0.0454545454545454,0.0
"Uma caçada se inicia, e se Helena quiser proteger a si mesma e sua família ela terá que capturar seu pai, ou até mesmo matá-lo.",2.0,2.0,2.0,2.0,0.0714285714285714,0.0714285714285714,0.0714285714285714,0.0714285714285714,0.0
"Tudo começa quando Michael Berrett apresenta a Shirley Harrison um manuscrito com mais de 60 páginas contendo relatos arrepiantes que foram assinados por um dos mais famosos serial killers de todos os tempos: Jack, o Estripador.",1.0,1.0,1.0,1.0,0.0256410256410256,0.0256410256410256,0.0256410256410256,0.0256410256410256,0.0
"Maior parte do livro conta como a escritora conseguiu as informações do possível livro do Jack, a busca para decifrar se era real ou não, no final acaba que não se tem certeza.",7.0,7.0,7.0,7.0,0.1944444444444444,0.1944444444444444,0.1944444444444444,0.1944444444444444,0.0
"Jack matava apenas prostitutas. Ele as estrangulava, esfaqueava e mutilava, em ataques cada vez mais brutais.",4.0,4.0,4.0,4.0,0.2,0.2,0.2,0.2,0.0
"Como a única evidência contra Florie era seu adultério, ela foi libertada após 15 anos de prisão",1.0,1.0,1.0,1.0,0.0555555555555555,0.0555555555555555,0.0555555555555555,0.0555555555555555,0.0
James Maybrick vivia em Liverpool e trabalhava com o comércio de algodão. ,0.0,0.0,0.0,0.0,0.0,0.0,0.0,0.0,0.0
"Sua morte foi em 1889, ocasionando a prisão de sua esposa Florence, acusada de envenená-lo",3.0,3.0,3.0,3.0,0.1764705882352941,0.1764705882352941,0.1764705882352941,0.1764705882352941,0.0
O diário relata que Maybrick descobrira que a esposa estava se envolvendo com um amigo de família e que isso pode ter ocasionado sua raiva mais a punição.,4.0,4.0,4.0,4.0,0.1379310344827586,0.1379310344827586,0.1379310344827586,0.1379310344827586,0.0
"Falso ou não, o diário trás certa compatibilidade envolvendo todas as cinco vítimas confirmadas do Estripador",1.0,1.0,1.0,1.0,0.0588235294117647,0.0588235294117647,0.0588235294117647,0.0588235294117647,0.0
 É uma das vítimas que desperta maior curiosidade das pessoas; não sobrou nada da menina.,2.0,2.0,2.0,2.0,0.1111111111111111,0.1111111111111111,0.1111111111111111,0.1111111111111111,0.0
O coração dela nunca foi encontrado.,0.0,0.0,0.0,0.0,0.0,0.0,0.0,0.0,0.0
"Após essas 300 páginas, temos o diário traduzido na íntegra, acompanhado de imagens da caligrafia e língua original.",1.0,1.0,1.0,1.0,0.0476190476190476,0.0476190476190476,0.0476190476190476,0.0476190476190476,0.0
"Na verdade, é uma fonte de pesquisa.",1.0,1.0,1.0,1.0,0.1111111111111111,0.1111111111111111,0.1111111111111111,0.1111111111111111,0.0
"O tema ""Jack, O Estripador"" é um dos que mais chama atenção pela notoriedade do assassino, um criminoso brutal que nunca teve sua identidade revelada e pagou por seus crimes. ",3.0,3.0,3.0,3.0,0.0857142857142857,0.0857142857142857,0.0857142857142857,0.0857142857142857,0.0
"Foi um serial killer que agiu no distrito de Whitechapel em Londres no ano de 1888. Assassinou e mutilou cinco mulheres, ditas prostitutas.",1.0,1.0,1.0,1.0,0.0384615384615384,0.0384615384615384,0.0384615384615384,0.0384615384615384,0.0
Foi o primeiro serial killer a ganhar notoriedade na imprensa mundial e até hoje levanta teorias sobre sua verdadeira identidade.,2.0,2.0,2.0,2.0,0.0952380952380952,0.0952380952380952,0.0952380952380952,0.0952380952380952,0.0
O fato ocorrido ainda não é solucionado e conta todo o trabalho que tiveram para desvendar os mistérios,0.0,0.0,0.0,0.0,0.0,0.0,0.0,0.0,0.0
"Desde o conhecimento da mídia sobre o diário até hoje, Shirley Harrison sofre duras críticas e acusações, sendo taxada de falsificadora, ou ao menos de ter participado da construção do escrito.",2.0,2.0,2.0,2.0,0.0571428571428571,0.0571428571428571,0.0571428571428571,0.0571428571428571,0.0
"Uma boa pedida para quem curte crônicas curtas, que tratam de coisas do cotidiano com bom humor, inteligência e deixa um gostinho de ""quero mais"".",7.0,7.0,7.0,7.0,0.2333333333333333,0.2333333333333333,0.2333333333333333,0.2333333333333333,1.0
"Um ótimo livro, além de ser um alerta para uma potencial distopia; em contraponto, a utopia tão sonhada dos homens do medievo e início da modernidade.",1.0,1.0,1.0,1.0,0.0333333333333333,0.0333333333333333,0.0333333333333333,0.0333333333333333,1.0
"O livro não é ruim, mas Jorge Amado parece subestimar a inteligência de o leitor a o fazer de uma história interessante um panfleto político.",3.0,3.0,3.0,3.0,0.1111111111111111,0.1111111111111111,0.1111111111111111,0.1111111111111111,1.0
"De qualquer forma, mesmo com estes poréns, a leitura vale a pena.",2.0,2.0,2.0,2.0,0.1333333333333333,0.1333333333333333,0.1333333333333333,0.1333333333333333,1.0
"Eu adorei esse livro quando li, foi um conselho de um garoto que é escritor eu conheci em a internet, foi ótimo. ",2.0,2.0,2.0,2.0,0.08,0.08,0.08,0.08,1.0
"Não é bem uma resenha, mais um aviso para não darem Capitães da Areia para uma criança de 14 anos ler.",1.0,1.0,1.0,1.0,0.0434782608695652,0.0434782608695652,0.0434782608695652,0.0434782608695652,1.0
"Em função de a idade, eu detestei. ",1.0,1.0,1.0,1.0,0.1111111111111111,0.1111111111111111,0.1111111111111111,0.1111111111111111,1.0
O legado de a obra incide em a majestosa visão humana que nos é transferida.,2.0,2.0,2.0,2.0,0.125,0.125,0.125,0.125,1.0
"Um livro comovente, sensual e intrigante. ",2.0,2.0,2.0,2.0,0.25,0.25,0.25,0.25,1.0
O mais bonito de o livro está em a percepção de que não há maniqueísmo em os personagens.,1.0,1.0,1.0,1.0,0.0526315789473684,0.0526315789473684,0.0526315789473684,0.0526315789473684,1.0
História intrigante que prende a atenção e surpreende a cada página.,2.0,2.0,2.0,2.0,0.1666666666666666,0.1666666666666666,0.1666666666666666,0.1666666666666666,1.0
"A heroína acaba conquistando a simpatia de o leitor, que torce por ela de o começo a o fim.",3.0,3.0,3.0,3.0,0.1428571428571428,0.1428571428571428,0.1428571428571428,0.1428571428571428,1.0
Em a minha opinião é o melhor livro de Sidney Sheldon.,2.0,2.0,2.0,2.0,0.1666666666666666,0.1666666666666666,0.1666666666666666,0.1666666666666666,1.0
"História clichê, recheada de coisas impossíveis até em o mundo de o maravilhoso, escrita péssima, personagens mal-construídos e alienados. ",0.0,0.0,0.0,0.0,0.0,0.0,0.0,0.0,1.0
"Personagens secundários que não se desenvolvem nunca, metáforas cansativas e totalmente sem nexo. ",0.0,0.0,0.0,0.0,0.0,0.0,0.0,0.0,1.0
"Intenso, romantico, inesperado, brilhante, apaixonante, sexy!",1.0,1.0,1.0,1.0,0.0833333333333333,0.0833333333333333,0.0833333333333333,0.0833333333333333,1.0
"Eu li e recomendo para "" todos "".",0.0,0.0,0.0,0.0,0.0,0.0,0.0,0.0,1.0
Acho que este livro não merece nem mesmo uma estrela.,1.0,1.0,1.0,1.0,0.0909090909090909,0.0909090909090909,0.0909090909090909,0.0909090909090909,1.0
"Fui até a metade, mas não consegui prosseguir ... Achei muito parado. ",2.0,2.0,2.0,2.0,0.1428571428571428,0.1428571428571428,0.1428571428571428,0.1428571428571428,1.0
Ambos interessantes para quem gosta de romance fantástico.,1.0,1.0,1.0,1.0,0.1111111111111111,0.1111111111111111,0.1111111111111111,0.1111111111111111,1.0
"Em o final, me envolvi, me vi vendo tudo que os personagens não viam. ",1.0,1.0,1.0,1.0,0.0588235294117647,0.0588235294117647,0.0588235294117647,0.0588235294117647,1.0
Impossível não gostar.,1.0,1.0,1.0,1.0,0.25,0.25,0.25,0.25,1.0
"O livro tem uma ótima linguagem e aborda temas que nos levam a uma reflexão, sobre o nosso comportamento em uma sociedade cada vez mais hipócrita em que a ética e os bons costumes estão cada vez mais sendo esquecidos. ",3.0,3.0,3.0,3.0,0.0714285714285714,0.0714285714285714,0.0714285714285714,0.0714285714285714,1.0
"Não é a melhor obra de o grande Sidney Sheldon, mas recomendo, uma boa leitura pra passar o tempo.",3.0,3.0,3.0,3.0,0.1363636363636363,0.1363636363636363,0.1363636363636363,0.1363636363636363,1.0
"Acho que o leitor (uso meu exemplo) se realiza através de Tracy, imaginando como faria para se vingar de um mundo injusto e ganhar com isso.",2.0,2.0,2.0,2.0,0.0666666666666666,0.0666666666666666,0.0666666666666666,0.0666666666666666,1.0
"O melhor de tudo, é que a protagonista conta suas histórias de forma divertida, irônica algumas vezes, revoltada com os micos que sua mãe lhe fez pagar em outras, mas acima de tudo mostra como essa relação de mãe-e-filha, apesar de difícil, deve ser bem cuidada",7.0,7.0,7.0,7.0,0.1346153846153846,0.1346153846153846,0.1346153846153846,0.1346153846153846,1.0
"Queria que terminasse logo, gostei mais de a mãe de ela durante uma boa parte de o livro.",4.0,4.0,4.0,4.0,0.2,0.2,0.2,0.2,1.0
"Embora o livro seja legal, não gosto de a literatura de a Thalita Rebouças, acho que os livros de ela deveriam ser menos engraçados e mais interessantes, pois um livro tem que te prender, aí que é bom mesmo.",5.0,5.0,5.0,5.0,0.1136363636363636,0.1136363636363636,0.1136363636363636,0.1136363636363636,1.0
"A escrita de Doyle é bem detalhada e cheia de nuances e sutilezas estilísticas que tornam a leitura um pouco exigente às vezes, contudo, o mistério que circunda o caso não nos deixa parar de ler até sua conclusão",2.0,2.0,2.0,2.0,0.048780487804878,0.048780487804878,0.048780487804878,0.048780487804878,1.0
" Esteticamente lindo, como sempre a editora Darkside capricha em suas publicações, mas como leitura mesmo, que é o que vale, achei decepcionante.",1.0,1.0,1.0,1.0,0.0357142857142857,0.0357142857142857,0.0357142857142857,0.0357142857142857,1.0
"Ele é muito bem escrito e as descrições são detalhadas mas não são cansativas, construindo com destreza o cenário e sentimentos necessários para viver a historia.",3.0,3.0,3.0,3.0,0.1071428571428571,0.1071428571428571,0.1071428571428571,0.1071428571428571,1.0
"O começo do livro foi bom, não vou mentir, talvez as primeiras 80/90 páginas tenham sido legais, mas depois ele começa a enrolar muito, com vários capítulos só pra encher linguiça.",6.0,6.0,6.0,6.0,0.1666666666666666,0.1666666666666666,0.1666666666666666,0.1666666666666666,1.0
"De um modo geral gostei da história, só pelo fato de ser melhor do que ""O Demonologista"" já está valendo, e o final é bem condizente com a história, mas em muitas passagens é bem cansativo e da uma preguicinha de voltar a ler.",6.0,6.0,6.0,6.0,0.12,0.12,0.12,0.12,1.0
"Correndo o risco de ser interpretada equivocadamente como defensora da obra, quero acrescentar que O Código Da Vinci foi um dos mais bem estruturados mistérios de ficção que já li.",2.0,2.0,2.0,2.0,0.0625,0.0625,0.0625,0.0625,1.0
"É muito longo e muito chato. Descrições extensas, algumas bem desnecessárias e tudo termina muito magicamente.",5.0,5.0,5.0,5.0,0.2631578947368421,0.2631578947368421,0.2631578947368421,0.2631578947368421,1.0
O que mais me agradou em Terra Sonâmbula com certeza foi a linguagem poética que Mia Couto utilizou para escrever histórias em meio a guerra civil de Moçambique. Posso dizer que esse livro é imensamente bonito e imensuravelmente triste.,5.0,5.0,5.0,5.0,0.1219512195121951,0.1219512195121951,0.1219512195121951,0.1219512195121951,1.0
Mia Couto consegue através de sua rica e fantasiosa maneira de escrever nos transportar para um universo repleto de contos e crenças da cultura africana ao passo em que desenrola uma história cativante e que nos traz reflexões e ideias a cada nuance .,5.0,5.0,5.0,5.0,0.1136363636363636,0.1136363636363636,0.1136363636363636,0.1136363636363636,1.0
"A leitura é rápida, poucos balões mas muitas expressões as pouco mais de 200 páginas passam voando mesmo ficando tempos em tempos admirando as artes que são belissimas.",0.0,0.0,0.0,0.0,0.0,0.0,0.0,0.0,1.0
"Uma forma bonita de passar uma boa lição, onde não se consegue fugir de algumas coisas na vida. Esse quadrinho mostra isso de forma ousada, discreta e bastante impactante, com pontos sutis dentro da história.",6.0,6.0,6.0,6.0,0.15,0.15,0.15,0.15,1.0
"No entanto, é na história que a obra peca. Primeiramente, nos diversos clichês. Talvez tenha sido a intenção do autor, mas, para mim, não foi possível absorver as ideias com um mínimo de naturalidade.",2.0,2.0,2.0,2.0,0.0476190476190476,0.0476190476190476,0.0476190476190476,0.0476190476190476,1.0
"Os momentos são, sim, bem imprevisíveis, temos umas sacadas bem interessantes, mas o sentimentalismo enfiado não cai legal.",4.0,4.0,4.0,4.0,0.1739130434782608,0.1739130434782608,0.1739130434782608,0.1739130434782608,1.0
"Ao ouvir que ""O cortiço"" de Aluísio Azevedo é a maior representante no naturalismo brasileiro, não duvide. Excelente leitura, atraente, chocante a cada capítulo.",1.0,1.0,1.0,1.0,0.032258064516129,0.032258064516129,0.032258064516129,0.032258064516129,1.0
"Em suma, A Tormenta de Espadas é o livro mais cheio de ação da série até agora, embora traga algumas decepções pelo caminho. Vale a pena ler!",2.0,2.0,2.0,2.0,0.064516129032258,0.064516129032258,0.064516129032258,0.064516129032258,1.0
"É o melhor livro da saga, cheio de plot twists e momentos inesperados que te fazem ficar de boca aberta, ainda mais se você não viu a série.",3.0,3.0,3.0,3.0,0.0967741935483871,0.0967741935483871,0.0967741935483871,0.0967741935483871,1.0
"O meu único problema com este livro é seu final, me decepcionou um pouco, não esperava um final tão rápido e simples, e por não ter trabalhado mais o filho mais velho do personagem principal, acho que poderia ficar mais impactante o final, se o autor tivesse dado um destaque para este personagem.",8.0,8.0,8.0,8.0,0.135593220338983,0.135593220338983,0.135593220338983,0.135593220338983,1.0
"O título não me atraiu de imediato, então abandonei o livro por um mês. Então, certo dia, resolvi lê-lo. O livro me prendeu de um jeito que não consegui largá-lo até terminar a leitura numa tarde de sábado",4.0,4.0,4.0,4.0,0.0930232558139534,0.0930232558139534,0.0930232558139534,0.0930232558139534,1.0
"Para que nunca leu um livro, esse é bom, para começar a se apaixonar pelo prazer de ler, pois não são muitas páginas a história se passa rápida e leitura envolve o leitor de uma forma incrível, a sem esquecer que é um romacinho policial.",4.0,4.0,4.0,4.0,0.08,0.08,0.08,0.08,1.0
"O primeiro livro que li na vida que não fosse história em quadrinhos ou ilustrado. Fez brotar a alma de leitora cuja semente esteve sempre aqui, e perdi a conta de quantas vezes reli desde então.",2.0,2.0,2.0,2.0,0.0512820512820512,0.0512820512820512,0.0512820512820512,0.0512820512820512,1.0
Meu primeiro livro e foi uma experiência incrível! Esse livro deixou uma marca na minha alma!,2.0,2.0,2.0,2.0,0.1111111111111111,0.1111111111111111,0.1111111111111111,0.1111111111111111,1.0
"A grande força do texto, sem dúvida, está na linguagem que é expressiva e original, repleta de neologismos muito inteligentes.",5.0,5.0,5.0,5.0,0.2083333333333333,0.2083333333333333,0.2083333333333333,0.2083333333333333,1.0
"Faltou tato na escrita. Não é criado qualquer vínculo entre leitor e personagens, tornando o livro só uma série de relatos com pessoas as quais o leitor não teve tempo de se importar. Acredito que assuste só os mais sensíveis.",6.0,6.0,6.0,6.0,0.1363636363636363,0.1363636363636363,0.1363636363636363,0.1363636363636363,1.0
"De resto, é um livro mediano. Interessante para quem gosta do assunto, porém não espere nada muito profundo.",4.0,4.0,4.0,4.0,0.1818181818181818,0.1818181818181818,0.1818181818181818,0.1818181818181818,1.0
"Pois bem, achei as histórias extremamente fantasiosas e forçadas. Ed e Lorraine tentam a todo custo empurrar suas ""verdades"" goela abaixo.",5.0,5.0,5.0,5.0,0.1923076923076923,0.1923076923076923,0.1923076923076923,0.1923076923076923,1.0
"É interessante como tudo é bem escrito e explicado. Como os fatos são expostos e o material do livro é rico, para curiosos e para quem deseja ir mais a fundo na história dos demonologistas.",4.0,4.0,4.0,4.0,0.1052631578947368,0.1052631578947368,0.1052631578947368,0.1052631578947368,1.0
"Vox é uma distopia que nos tira completamente da zona de conforto e dá aquela chacoalhada em nossa mentes, deixando o leitor completamente chocado a cada capítulo.",3.0,3.0,3.0,3.0,0.1034482758620689,0.1034482758620689,0.1034482758620689,0.1034482758620689,1.0
"Li o livro influenciado pelo filme,gostei dos aspectos críticos que o autor apresenta,mas não achei a obra muito empolgante no todo...",4.0,4.0,4.0,4.0,0.1538461538461538,0.1538461538461538,0.1538461538461538,0.1538461538461538,1.0
"Apesar de ser um livro curto, ele é cansativo, então empaquei algumas vezes e demorei dias para terminá-lo. O início da leitura foi um pouco enrolada e sofrida, mas depois fica interessante.",2.0,2.0,2.0,2.0,0.054054054054054,0.054054054054054,0.054054054054054,0.054054054054054,1.0
"Esse é um grande livro, uma grande história, com grandes personagens, onde tudo pra mim funcionou de uma maneira surpreendentemente bem. Gostei, gostei muito, e indico a todos!",8.0,8.0,8.0,8.0,0.2285714285714285,0.2285714285714285,0.2285714285714285,0.2285714285714285,1.0
"Não gostei principalmente da narrativa do livro e como a historia se desenrola, apesar de reconhecer que o livro é bem escrito e que na minha visão o autor provavelmente pensou o livro e o executou com maestria exatamente da maneira que foi idealizado .",6.0,6.0,6.0,6.0,0.1304347826086956,0.1304347826086956,0.1304347826086956,0.1304347826086956,1.0
"O desfecho da trama é muito emocionante, a partir do capítulo 19 as coisas acontecem de uma maneira muito eufórica e você não quer mais largar o livro.",5.0,5.0,5.0,5.0,0.1666666666666666,0.1666666666666666,0.1666666666666666,0.1666666666666666,1.0
"O livro tinha tudo para ser maravilhoso. Mas chegou na metade do livro, parecia que o Stephen King estava com preguiça de continuar e fez de qualquer jeito.",2.0,2.0,2.0,2.0,0.064516129032258,0.064516129032258,0.064516129032258,0.064516129032258,1.0
"Eu sinceramente não consigo levar nada desse livro pra minha vida. Apesar do livro ser enorme é pra mim totalmente descartável e esquecível. O que foi digamos ""bom"" é eu ter saido da zona de conforto e ter conhecido a escrita do King.",7.0,7.0,7.0,7.0,0.1458333333333333,0.1458333333333333,0.1458333333333333,0.1458333333333333,1.0
"Não tem como não se apaixonar por essa obra de horror com muito suspense. Com certeza, um dos melhores livros que já li na vida.",4.0,4.0,4.0,4.0,0.1428571428571428,0.1428571428571428,0.1428571428571428,0.1428571428571428,1.0
"Ele trabalha muito bem em cima dos personagens apresentados, todos com uma personalidade bem construída, o que deixa a história ainda mais intensa e viciante.",4.0,4.0,4.0,4.0,0.1428571428571428,0.1428571428571428,0.1428571428571428,0.1428571428571428,1.0
"Caixa de Pássaros é um thriller psicológico bem elaborado e cheio de alma, um bom livro para quem é amante do suspense.",3.0,3.0,3.0,3.0,0.125,0.125,0.125,0.125,1.0
"Um livro muito bem desenvolvido e completo, com uma narrativa interessante e que prende o leitor! Fora a estética, que é impecável!",3.0,3.0,3.0,3.0,0.1153846153846153,0.1153846153846153,0.1153846153846153,0.1153846153846153,1.0
"Neste livro John Green traz uma narrativa muito mais madura que nos seus outros livros, nos fazendo refletir a cada página sobre os aspectos da vida, sobre como enxergamos as pessoas e seus problemas.",3.0,3.0,3.0,3.0,0.081081081081081,0.081081081081081,0.081081081081081,0.081081081081081,1.0
"Ótimo custo benefício, é uma edição barata, mas com material de qualidade considerável. Recomendo para pessoas de todas as idades, inclusive leitura para crianças.",1.0,1.0,1.0,1.0,0.0344827586206896,0.0344827586206896,0.0344827586206896,0.0344827586206896,1.0
"Achei uma leitura difícil, sei que se trata de um clássico, mas a linguagem própria criada pelo autor faz com que a leitura fique arrastada até nos adaptarmos com a linguagem.",3.0,3.0,3.0,3.0,0.088235294117647,0.088235294117647,0.088235294117647,0.088235294117647,1.0
"Apesar de tudo, não achei o livro tão bom como tanto falam, minha expectativa foi muito maior e não é um livro tão incrível assim.",7.0,7.0,7.0,7.0,0.25,0.25,0.25,0.25,1.0
“Não existe uma única página neste livro de estreia que não prove que John Fowles é um mestre contador de histórias.” (The New York Times),1.0,1.0,1.0,1.0,0.0333333333333333,0.0333333333333333,0.0333333333333333,0.0333333333333333,1.0
"Ele mostra de forma clara, simples e divertida os pensamentos, conflitos e dilemas de um adolescente aparentemente revoltado com o mundo, todas as suas qualidades e defeitos.",6.0,6.0,6.0,6.0,0.1935483870967742,0.1935483870967742,0.1935483870967742,0.1935483870967742,1.0
"O livro é idiota, repetitivo, cansativo e irritante, tanto quanto seu narrador.",2.0,2.0,2.0,2.0,0.125,0.125,0.125,0.125,1.0
"A leitura é muito envolvente, logo nos primeiros capítulos eu me vi presa nos relatos de Brás Cubas. A forma como ele fala da vida, e também cheia de reflexões sobre.",3.0,3.0,3.0,3.0,0.0857142857142857,0.0857142857142857,0.0857142857142857,0.0857142857142857,1.0
"O livro prometeu uma história de memórias e foi exatamente isso que encontrei, é gostoso do início ao fim porque temos um personagem conversando com o leitor e fazendo-nos refletir sobre diversos pontos da vida, que só nos acrescenta.",4.0,4.0,4.0,4.0,0.0952380952380952,0.0952380952380952,0.0952380952380952,0.0952380952380952,1.0
"Nao há de se negar que o livro é estilisticamente inovador para a época, porém a história não tem nada de interessante, fazendo com que a leigura desse romance se tornasse uma tortura.",2.0,2.0,2.0,2.0,0.0555555555555555,0.0555555555555555,0.0555555555555555,0.0555555555555555,1.0
"A história teve um desfecho muito rápido, como já era de se esperar pelo número reduzido de páginas do livro, e mesmo tendo sido meio clichê em alguns pontos",4.0,4.0,4.0,4.0,0.1290322580645161,0.1290322580645161,0.1290322580645161,0.1290322580645161,1.0
"Os dois primeiros livros valem a leitura, depois disso a autora entrou num redemoinho de repetições. Desde as primeiras páginas já dava para saber quem seria o vilão de verdade, já que o padrão se repete nos outros livros.",2.0,2.0,2.0,2.0,0.0465116279069767,0.0465116279069767,0.0465116279069767,0.0465116279069767,1.0
"Final maravilhoso e surpreendente! A autora trabalhou bem cada detalhe do livro, não ficou nada a deseja, tudo no encaixe perfeito.",3.0,3.0,3.0,3.0,0.12,0.12,0.12,0.12,1.0
"A meu ver, a autora se perdeu em algum momento, tornando tudo meio parado e enfadonho, só voltando a ter mais ação mais para o final, que se resolveu muito rápido e até meio sem sentido.",4.0,4.0,4.0,4.0,0.0975609756097561,0.0975609756097561,0.0975609756097561,0.0975609756097561,1.0
Em vez da autora aprofundar ainda mais no romance ou desenrolar a história desde o início do livro ela optou por um final onde tudo ocorre ao mesmo tempo e algumas coisas não são bem explicadas.,3.0,3.0,3.0,3.0,0.081081081081081,0.081081081081081,0.081081081081081,0.081081081081081,1.0
Não tenho palavras para explicar o quanto eu amei a experiência de ler finale e todo hush hush. Vou guardar essa história comigo para sempre.,2.0,2.0,2.0,2.0,0.074074074074074,0.074074074074074,0.074074074074074,0.074074074074074,1.0
"Acho que pelo andar da toda a história, a autora podia ter explorado um pouco mais determinados assuntos... simplesmente o final ficou muito resumido, como se ela quisesse acabar logo com a história.",4.0,4.0,4.0,4.0,0.1081081081081081,0.1081081081081081,0.1081081081081081,0.1081081081081081,1.0
"Entendo a crítica social e tal. Mas a história é muito entendiante não acontece nada muito interessante na história e, para piorar a escrita do autor é muito maçante.",4.0,4.0,4.0,4.0,0.125,0.125,0.125,0.125,1.0
"Gostei bastante desse livro do Dan Brown. Fui premiado, além de uma boa narrativa, com um debate muito interessante a respeito do crescimento populacional desacelerado e suas implicações para o futuro da humanidade.",7.0,7.0,7.0,7.0,0.1891891891891892,0.1891891891891892,0.1891891891891892,0.1891891891891892,1.0
"O livro do começo ao fim carrega um mistério muito forte e quanto finalmente é revelado faz ficar de boca aberta. Essa é a melhor, na minha opinião, de todas as aventuras de Robert Langdon.",5.0,5.0,5.0,5.0,0.1282051282051282,0.1282051282051282,0.1282051282051282,0.1282051282051282,1.0
"O livro é cheio de mistério, ação e tensão, sendo finalizado por um final a altura da história, ainda deixando um gostinho de quero mais. Os karas são uma turma incansável e divertida de ler",5.0,5.0,5.0,5.0,0.1282051282051282,0.1282051282051282,0.1282051282051282,0.1282051282051282,1.0
"""O Símbolo Perdido"" foi uma leitura deliciosa, cheia de reviravoltas e que consegue deixar o leitor entretido o tempo todo. Vale muito a pena a leitura, mesmo que não seja incrível como seus anteriores.",4.0,4.0,4.0,4.0,0.1,0.1,0.1,0.1,1.0
"Esse livro é surpreendente, é daqueles que quanto mais você lê mais vontade tem. É cheio de suspenses e surpresas e o mais legal é que a história é voltada a uma dura realidade que é a desvalorização dos índios e o desprezo pela natureza.",4.0,4.0,4.0,4.0,0.0833333333333333,0.0833333333333333,0.0833333333333333,0.0833333333333333,1.0
"Não desmerecendo o livro, foi o que menos gostei da coleção dos Karas. A leitura é fácil, tem ação e aventura, mas nada dele me chamou a atenção em especial.",5.0,5.0,5.0,5.0,0.1428571428571428,0.1428571428571428,0.1428571428571428,0.1428571428571428,1.0
É aquele livro com uma leitura levinha e bem fluida em que você se senta no sofá e já lê tudo de uma vez de tão bom que é.,3.0,3.0,3.0,3.0,0.1,0.1,0.1,0.1,1.0
"Eu gostei muito desse livro principalmente porque ele traz um pouco da história de Gallifrey, personalidades e lendas. Aqui dá pra saber um pouco mais da cultura e a forma de agir dos Senhores do Tempo.",6.0,6.0,6.0,6.0,0.1538461538461538,0.1538461538461538,0.1538461538461538,0.1538461538461538,1.0
"Curti bastante a história, me surpreendi em alguns momentos, dei boas risadas e agora estou mais ansiosa para começar a ver essa série direito.",3.0,3.0,3.0,3.0,0.1111111111111111,0.1111111111111111,0.1111111111111111,0.1111111111111111,1.0
E estou dentro dessa fatia de fãs filmes de terror e gostei muito da autora ter juntado sobrenatural com serial killer e lenda urbana.,3.0,3.0,3.0,3.0,0.12,0.12,0.12,0.12,1.0
Só senti falta de um final para alguns personagens.,2.0,2.0,2.0,2.0,0.2,0.2,0.2,0.2,1.0
Muito bom.,1.0,1.0,1.0,1.0,0.3333333333333333,0.3333333333333333,0.3333333333333333,0.3333333333333333,1.0
Ransom Riggs é definitivamente o autor que poderia escrever uma lista de compras que eu compraria e leria feliz,2.0,2.0,2.0,2.0,0.1052631578947368,0.1052631578947368,0.1052631578947368,0.1052631578947368,1.0
"É nítido o quanto ele cresceu desde o primeiro livro até esse. Mesmo eu amando os três anteriores, tinha a sensação de que ele não sabia exatamente onde a história iria terminar",3.0,3.0,3.0,3.0,0.088235294117647,0.088235294117647,0.088235294117647,0.088235294117647,1.0
É super legal.,2.0,2.0,2.0,2.0,0.5,0.5,0.5,0.5,1.0
Sou uma fã de carteirinha desse autor. Tenho e já li todos os livros dele.,0.0,0.0,0.0,0.0,0.0,0.0,0.0,0.0,1.0
"Particularmente, como fã do autor, não achei essa a sua melhor história, mas tem todos os méritos e com certeza deixa sua marca.",3.0,3.0,3.0,3.0,0.1111111111111111,0.1111111111111111,0.1111111111111111,0.1111111111111111,1.0
"A história é bonita, bem escrita...bem elaborada, triste na maior parte das vezes, mas no contexto geral, não me encantou nem me comoveu.",7.0,7.0,7.0,7.0,0.2333333333333333,0.2333333333333333,0.2333333333333333,0.2333333333333333,1.0
"Enfim, a autora, que na minha visão tinha a intenção de comover com sua historinha, não alcança o objetivo e nos deixa apenas com mais um livro superficial, com um incrível potencial que não soube ser aproveitado.",3.0,3.0,3.0,3.0,0.0714285714285714,0.0714285714285714,0.0714285714285714,0.0714285714285714,1.0
"Gostei menos do que achei que ia gostar quando comecei a leitura, senti falta de saber mais sobre a historia da Mãe, sobre os sentimentos dela",3.0,3.0,3.0,3.0,0.1071428571428571,0.1071428571428571,0.1071428571428571,0.1071428571428571,1.0
"A vida fora do quarto parece mais do mesmo, acho que poderia ser mais resumido ou objetivo e não ser metade do livro.",1.0,1.0,1.0,1.0,0.04,0.04,0.04,0.04,1.0
"O que mais me prendeu à leitura foi a crítica velada que Adams faz à sociedade em que vivia e que se aplica tão bem hoje, mais de 40 anos depois.",1.0,1.0,1.0,1.0,0.0303030303030303,0.0303030303030303,0.0303030303030303,0.0303030303030303,1.0
É um livro que quero ter na minha estante para meus filhos ler no futuro.,2.0,2.0,2.0,2.0,0.125,0.125,0.125,0.125,1.0
"Vale pelo super humor, o livro é muito divertido e irônico, e até atemporal nas críticas.",5.0,5.0,5.0,5.0,0.2631578947368421,0.2631578947368421,0.2631578947368421,0.2631578947368421,1.0
"O começo pode ser um pouco cansativo, mas depois se torna uma maravilha, e a leitura flui muito bem, recomendo muito esse livro.",4.0,4.0,4.0,4.0,0.1481481481481481,0.1481481481481481,0.1481481481481481,0.1481481481481481,1.0
"Se Lewis Carroll tivesse escrito as histórias de Alice na atualidade, seria o Guia do mochileiro das galáxias.",0.0,0.0,0.0,0.0,0.0,0.0,0.0,0.0,1.0
"Achei MUITO fraco. Sei que muitos idolatram a obra, porém na minha opinião, a história é EXTREMAMENTE cansativa e o final, aquém do que eu esperava.",3.0,3.0,3.0,3.0,0.0967741935483871,0.0967741935483871,0.0967741935483871,0.0967741935483871,1.0
"Há vários contextos, pontos e perspectivas a se analisar no livro, e só isso já vale a leitura que parece ser do tipo que sempre será diferente a cada releitura.",2.0,2.0,2.0,2.0,0.0606060606060606,0.0606060606060606,0.0606060606060606,0.0606060606060606,1.0
"Porém não achei o livro tudo isso, e talvez no futuro eu possa dar outra chance a ele.",1.0,1.0,1.0,1.0,0.05,0.05,0.05,0.05,1.0
"Resolvi ler esse livro após muitas indicações porém, infelizmente, foi uma leitura que considero nada empolgante, enfadonha, resumindo, detestei.",4.0,4.0,4.0,4.0,0.16,0.16,0.16,0.16,1.0
Não consegui ver nessa obra aquela história magnífica que muitos rendem inúmeros elogios.,1.0,1.0,1.0,1.0,0.0714285714285714,0.0714285714285714,0.0714285714285714,0.0714285714285714,1.0
Não deu liga.,0.0,0.0,0.0,0.0,0.0,0.0,0.0,0.0,1.0
"Nenhuma informação dada pelo narrador é irrelevante, muito pelo contrário, a verdade sobre essa história está contida nos detalhes",3.0,3.0,3.0,3.0,0.1428571428571428,0.1428571428571428,0.1428571428571428,0.1428571428571428,1.0
"O livro é realmente genial,à frente de seu tempo. Incrível.",3.0,3.0,3.0,3.0,0.2142857142857142,0.2142857142857142,0.2142857142857142,0.2142857142857142,1.0
Depois de esperar por mais de 10 anos pra ler esse livro estou impressionado por ele ter correspondido as expectativas que não eram poucas.,4.0,4.0,4.0,4.0,0.16,0.16,0.16,0.16,1.0
"É uma historia tão rica em varios aspectos, uma leitura fluida que foi extremamente agradavel, mal posso esperar para ler os outros dois livros",4.0,4.0,4.0,4.0,0.1538461538461538,0.1538461538461538,0.1538461538461538,0.1538461538461538,1.0
Resumindo: é chato.,1.0,1.0,1.0,1.0,0.2,0.2,0.2,0.2,1.0
"Achei que ou o autor se preocupou apenas em narrar a história ou eu, realmente, não peguei a essência do livro.",2.0,2.0,2.0,2.0,0.0833333333333333,0.0833333333333333,0.0833333333333333,0.0833333333333333,1.0
"Pouco me apeguei à ele, mas gostei do final (previsível) e de conseguir me imaginar na Espanha de 1924.",3.0,3.0,3.0,3.0,0.1304347826086956,0.1304347826086956,0.1304347826086956,0.1304347826086956,1.0
"Li ""o velho e o mar"" e gostei muito. Iria ler ""Por quem os sinos dobram"", mas depois desse sol, quero distância de Hemingway.",4.0,4.0,4.0,4.0,0.125,0.125,0.125,0.125,1.0
"Certamente perdeu o apelo popular que suponho ter tido no século passado, mas continua direto e poderoso como sempre",2.0,2.0,2.0,2.0,0.1,0.1,0.1,0.1,1.0
"Eu amo romance adolescente, mas este é particularmente lindo, a forma doce de lidar com uma realidade tão difícil.",4.0,4.0,4.0,4.0,0.1818181818181818,0.1818181818181818,0.1818181818181818,0.1818181818181818,1.0
"Lindo e fantástico, uma dor sentida.",1.0,1.0,1.0,1.0,0.125,0.125,0.125,0.125,1.0
"Bom... o que dizer ... sem palavras ... adorei ... ri, chorei, ne emicionei e queria mais...",4.0,4.0,4.0,4.0,0.1904761904761904,0.1904761904761904,0.1904761904761904,0.1904761904761904,1.0
Não foi aquele livro que quando você termina de ler parece que perdeu uma parte da sua alma... Só bom..,4.0,4.0,4.0,4.0,0.1818181818181818,0.1818181818181818,0.1818181818181818,0.1818181818181818,1.0
"O português arcaico dificulta bastante a Leitura, mas é interessante e divertido.",2.0,2.0,2.0,2.0,0.1428571428571428,0.1428571428571428,0.1428571428571428,0.1428571428571428,1.0
"Achava que iria achar ele bem chatinho, mas quando comecei gostei muito.",3.0,3.0,3.0,3.0,0.2142857142857142,0.2142857142857142,0.2142857142857142,0.2142857142857142,1.0
"O que é ruim é o fato da história ser escrita em português de Portugal, o que às vezes atrapalha, pois podemos deixar de entender o contexto de algum diálogo.",1.0,1.0,1.0,1.0,0.0303030303030303,0.0303030303030303,0.0303030303030303,0.0303030303030303,1.0
"Vocabulário complicado e história desinteressante, pelo menos pra mim",0.0,0.0,0.0,0.0,0.0,0.0,0.0,0.0,1.0
O autor transforma a clássica história de Machado de Assis em uma versão acessível para o público infanto juvenil não familiarizado com a rebuscada linguagem machadiana.,0.0,0.0,0.0,0.0,0.0,0.0,0.0,0.0,1.0
"Aventura o tempo todo, um livro empolgante!",1.0,1.0,1.0,1.0,0.1111111111111111,0.1111111111111111,0.1111111111111111,0.1111111111111111,1.0
"Só li por causa do colégio, muito sem sal.",1.0,1.0,1.0,1.0,0.0909090909090909,0.0909090909090909,0.0909090909090909,0.0909090909090909,1.0
Amei o livro. Todo o universo criado. Cada personagem. Enfim sem defeitos.,3.0,3.0,3.0,3.0,0.1875,0.1875,0.1875,0.1875,1.0
"Apesar do tema pesado, o autor consegue transmitir ao leitor toda essa desgraça de uma forma anestesiada, algo que justifica o título da obra: Terra sonâmbula.",5.0,5.0,5.0,5.0,0.1666666666666666,0.1666666666666666,0.1666666666666666,0.1666666666666666,1.0
"Fiquei descepcionada com o livro - Esperava mais, muito mais.",2.0,2.0,2.0,2.0,0.1666666666666666,0.1666666666666666,0.1666666666666666,0.1666666666666666,1.0
"Esperava algo mais policial e sangrento, mas o que tive foram vários episódios de romance deslavado ou de certo modo clichê.",0.0,0.0,0.0,0.0,0.0,0.0,0.0,0.0,1.0
"O enredo foi muito previsível ,o que tirou minha vontade de ler o próximo livro.",2.0,2.0,2.0,2.0,0.1176470588235294,0.1176470588235294,0.1176470588235294,0.1176470588235294,1.0
"Sou fã de Tess Gerritsen, mas não gostei desse livro, que nem parece ter sido escrito por ela.",2.0,2.0,2.0,2.0,0.0952380952380952,0.0952380952380952,0.0952380952380952,0.0952380952380952,1.0
O tom do livro é tão meloso que chega a ser cafona.,1.0,1.0,1.0,1.0,0.0769230769230769,0.0769230769230769,0.0769230769230769,0.0769230769230769,1.0
Acho que criei tanta expectativa nesse livro por causa da hype que todas as booktubers estava fazendo que no final fiquei meio decepcionada.,4.0,4.0,4.0,4.0,0.1666666666666666,0.1666666666666666,0.1666666666666666,0.1666666666666666,1.0
Anastácia é uma personagem sem graça demais.,1.0,1.0,1.0,1.0,0.125,0.125,0.125,0.125,1.0
"É um romance perturbador e abusivo, é um homem doente que precisa ir num psiquiatra",1.0,1.0,1.0,1.0,0.0625,0.0625,0.0625,0.0625,1.0
A impressão que dava é que a autora precisava inserir narrativas tórridas a qualquer custo.,1.0,1.0,1.0,1.0,0.0625,0.0625,0.0625,0.0625,1.0
"Infelizmente abandonei a leitura, pois a escrita era muito pobre, ruim e repetitiva.",2.0,2.0,2.0,2.0,0.125,0.125,0.125,0.125,1.0
" Não tem muito o que falar desse livro, só digo que nunca li algo tão chato e, sem criatividade.",4.0,4.0,4.0,4.0,0.1739130434782608,0.1739130434782608,0.1739130434782608,0.1739130434782608,1.0
Não recomendo esse livro!,1.0,1.0,1.0,1.0,0.2,0.2,0.2,0.2,1.0
Tudo aqui é exagero demais e esse foi o ponto negativo.,1.0,1.0,1.0,1.0,0.0833333333333333,0.0833333333333333,0.0833333333333333,0.0833333333333333,1.0
"Não sei, esse não me desce, regular.",0.0,0.0,0.0,0.0,0.0,0.0,0.0,0.0,1.0
Sem dúvida um dos piores livros que já li.,2.0,2.0,2.0,2.0,0.2,0.2,0.2,0.2,1.0
"E horrivel simplesmente, nao dar pra chamar de escritor esse autor.",0.0,0.0,0.0,0.0,0.0,0.0,0.0,0.0,1.0
"Repetitivo e cansativo, esconde a lição de que devemos acordar cedo por trás da leitura só que mais parece uma grande propaganda do próprio livro.",3.0,3.0,3.0,3.0,0.1111111111111111,0.1111111111111111,0.1111111111111111,0.1111111111111111,1.0
Esperava muito mais profundidade sobre o tema,2.0,2.0,2.0,2.0,0.2857142857142857,0.2857142857142857,0.2857142857142857,0.2857142857142857,1.0
Autoajuda da pior qualidade: antiquada e rasa.,1.0,1.0,1.0,1.0,0.1111111111111111,0.1111111111111111,0.1111111111111111,0.1111111111111111,1.0
Insuportável!,0.0,0.0,0.0,0.0,0.0,0.0,0.0,0.0,1.0
"Não gostei do livro , muita propaganda e pouco conteúdo",2.0,2.0,2.0,2.0,0.2,0.2,0.2,0.2,1.0
muita embromação,0.0,0.0,0.0,0.0,0.0,0.0,0.0,0.0,1.0
"o livro é mais uma auto promoção do autor, fala muito dele, os exercicios não vem no livro, enrola demais pra chegar no assunto não goste",5.0,5.0,5.0,5.0,0.1724137931034483,0.1724137931034483,0.1724137931034483,0.1724137931034483,1.0
São poucas as páginas com conteúdo de verdade.,1.0,1.0,1.0,1.0,0.1111111111111111,0.1111111111111111,0.1111111111111111,0.1111111111111111,1.0
"A linguagem na minha opinião passa o coloquial e fica adolescente em vários momentos, com piadas sem graça.",1.0,1.0,1.0,1.0,0.05,0.05,0.05,0.05,1.0
Decepção ao ler esse livro. Trata-se muito mais de uma autobiografia do que um livro de finanças pessoais.,3.0,3.0,3.0,3.0,0.15,0.15,0.15,0.15,1.0
"O livro é bobo ao extremo, cheio de piadinhas forçadas sem graça e sem necessidade. ",5.0,5.0,5.0,5.0,0.2941176470588235,0.2941176470588235,0.2941176470588235,0.2941176470588235,1.0
"Completamente bobo, mal escrito, sem conteúdo.",2.0,2.0,2.0,2.0,0.2222222222222222,0.2222222222222222,0.2222222222222222,0.2222222222222222,1.0
Comprei como presente para uma amiga que simplesmente detestou,2.0,2.0,2.0,2.0,0.2222222222222222,0.2222222222222222,0.2222222222222222,0.2222222222222222,1.0
Achei um livro bastante cansativo e aborrecido.,3.0,3.0,3.0,3.0,0.375,0.375,0.375,0.375,1.0
Diagramação muito apertada não dá pra ler,1.0,1.0,1.0,1.0,0.1428571428571428,0.1428571428571428,0.1428571428571428,0.1428571428571428,1.0
"Historinha pra criança, e muito mal contada, por sinal...",2.0,2.0,2.0,2.0,0.1666666666666666,0.1666666666666666,0.1666666666666666,0.1666666666666666,1.0
"O defeito não aparece nas primeiras páginas, mas depois fica impossível de ler",1.0,1.0,1.0,1.0,0.0714285714285714,0.0714285714285714,0.0714285714285714,0.0714285714285714,1.0
"Lombada desgastada na estremidade superior e inferior, páginas com orelhas com um corte, como se fosse erro da editora.",4.0,4.0,4.0,4.0,0.1818181818181818,0.1818181818181818,0.1818181818181818,0.1818181818181818,1.0
Livro muito sem graça. Achei que tinha romance mas pra mim é só um livro de politica.,4.0,4.0,4.0,4.0,0.2105263157894736,0.2105263157894736,0.2105263157894736,0.2105263157894736,1.0
Aquele vocabulário é um tédio... Não consegui terminar a leitura.,1.0,1.0,1.0,1.0,0.0833333333333333,0.0833333333333333,0.0833333333333333,0.0833333333333333,1.0
Não terminei de ler por que a história não estava me agradando e a linguagem criada para o livro confunde muito. ,5.0,5.0,5.0,5.0,0.2272727272727272,0.2272727272727272,0.2272727272727272,0.2272727272727272,1.0
