sentence,count_url,count_elongated,count_mentions,emoji_polarity_score,emoticon_polarity_score,subjectivity
A grande vantagem desse hotel é ser perto do aeroporto.,0,0,0,0,0,1
Há uma estação de metrô relativamente perto também.,0,0,0,0,0,0
"As fotos divulgadas não condizem tanto com a realidade do local, mas ainda assim valeu a estadia.",0,0,0,0,0,0
Bom para ficar um período curto.,0,0,0,0,0,0
horel em reforma.,0,0,0,0,0,0
quarto razoável ma so preco nao condis com o serviço prestado.,0,0,0,0,0,1
nao fui avisado sobre taxa de garagem.,0,0,0,0,0,0
15 reais para guardar o carro.,0,0,0,0,0,0
cafe da manha razoavel.ar condicionado miito barulhento,1,0,0,0,0,0
"Ótimo acesso, elevador, garagem, café da manhã regular, mas o salão de refeições é bem grande... quartos com um bom tamanho, recepcionistas muito ágeis.",0,0,0,0,0,1
"Fica ao lado do tremsurb, o que dá fácil acesso à rodoviária e ao aeroporto.",0,0,0,0,0,1
"Hotel com boa localização, próximo ao aeroporto.Cômodos simples mas em ordem e limpos.",0,0,0,0,0,1
"Ar-condicionado muito barulhento e atendimento da recepção muito atrapalhado.Servem um bom jantar, simples mas com qualidade e variedade compatível ao preço.",1,0,0,0,0,1
"Próximo do aeroporto mas com instalações precárias.Não tem elevador, você terá que subir com suas malas pela escada e sem ajuda de nenhum funcionário.Não gostei do quarto, bastante barulhento.Não gostei do banheiro, com porta sanfonada de pvc...tudo apertado e feio.O café da manhã é razoável, pelo preço...Apesar de barato, não pretendo me hospedar mais...Na minha opinião, vale pagar uns reais mais caro e ficar num local com mais qualidade.",4,0,0,0,0,1
"Apesar de simples o hotel é limpo, perto do aeroporto, perto das indústrias, bom café da manhã, boa janta, ar condicionado e Wi-Fi incluso na diária.",0,0,0,0,0,1
"Ideal para quem procura um lugar simples, com bons acessos e perto de canoas.",0,0,0,0,0,0
Recomendado para quem vai pegar o aeroporto muito cedo ou para quem chega muito tarde.,0,0,0,0,0,1
"Fica a 500 metros do terminal e possui transporte próprio para levar e trazer do aeroporto.Quartos amplos, com ar e frigobar.",0,0,0,0,0,1
Aspecto ruim é que o Expressinho não possui elevador.,0,0,0,0,0,0
O hotel cujo o nome já faz a sua avaliação.,0,0,0,0,0,1
"Expressinho está localizado perto da estação de metrô Farrapos.Com bares que fervem para darem a guinada pra noitada.Shopping com tudo que desejar,além de ter traslado gratuito para o aeroporto,precisando agendar apenas,15 minutos antes da partida.",1,0,0,0,0,1
"Eu realmente não aconselho esse lugar, tudo é pessimo, o atendimento inicial, não tem elevador e se você ficar no quarto andar tem que subir tudo sozinho não tem ninguem para lhe ajudar, a comida?",0,0,0,0,0,1
"pelo amor de Deus, era um lixo, não consigui comer de tão ruim que era, para devolver foi um problema, o guarto não apresenta segurança, tem aspecto sujo",0,0,0,0,0,0
O quarto era pequeno e não tinha TV por assinatura.,0,0,0,0,0,1
"A roupa de cama também não era nova.O café da manhã era bom, com frutas, iogurte, granola e outras coisas mais.A vantagem em ficar no hotel foi que não pagamos pelo transfer entre Hotel e Aeroporto.",2,0,0,0,0,1
"O Express estava lotado e resolvi ficar no Expressinho.Péssima idéia, tirando o atendimento cordial da recepção e o café da manhã que é comum aos dois hoteis, de resto é muito ruim.Barulho infernal a noite inteira, quarto pequeno, mobília velha, TV com péssima imagem.Enfim,,, evite.",1,0,0,0,0,1
Voo cancelado e tive que ficar neste hotel.,0,0,0,0,0,1
Não gostei nem um pouco.,0,0,0,0,0,0
Cheguei no quarto e ele estava com cheiro de cigarro.,0,0,0,0,0,1
"O ar condicionado muito velho, não deve ser limpo há anos.",0,0,0,0,0,0
As roupas de cama não estavam limpas.,0,0,0,0,0,0
"O hotel tem um transfer que leva para o aeroporto, mas não conseguimos pegar pois muitas pessoas esperavam por ele.",0,0,0,0,0,1
Realmente não recomendo!,0,0,0,0,0,0
Café bem ruinzinho.,0,0,0,0,0,0
Fica longe do centro mas perto do aeroporto.,0,0,0,0,0,1
Estacionamento meio estranho sem segurança.,0,0,0,0,0,0
Mas o hotel é limpo só que o bom é ficar nos quartos para os fundos os da frente sao barulhentos devido ao movimentosdos carros e do trem na rua.,0,0,0,0,0,1
"Hotel Express Expressinho é um um bom lugar para fazer um pit stop e seguir viagem quando em Porto Alegre, preço justo para os serviços que oferece, além disso o hóspede pode contar com o serviço de transfer aeroporto/hotel/aeroporto, principalmente levando-se em consideração o preço do taxi.Um café da manhã digno.",1,0,0,0,0,1
"Toalhas e lençóis brancos, frigobar e ar condicionado nos quartos.",0,0,0,0,0,1
Não tem elevador.,0,0,0,0,0,0
"Possui também serviço de quarto e comida é farta, indico o filé a parmegiana.",0,0,0,0,0,1
Muito próximo do aeroporto e bom para quem vai ficar apenas uma noite e vai embarcar no dia seguinte.,0,0,0,0,0,1
Os quartos voltados à Av.,0,0,0,0,0,1
Farrapos são muito barulhentos.,0,0,0,0,0,0
"A/C não funcionava muito bem, antigo e barulhento.",0,0,0,0,0,0
"TV antiga, sem controle e péssima imagem.O hotel oferece transporte gratuito para o aeroporto, mas é disputado e para usá-lo é preciso sair com tempo.",1,0,0,0,0,1
"Para quem precisar de pegar avião bem cedo como eu tive que fazer, este é o melhor hotel de Porto Alegre, bem baratinho e muito perto do aeroporto, os quartos são equipados com ar-condicionado e tv, de manhã é oferecido um café da manhã reforçado, fica a dica.",0,0,0,0,0,1
"Hotel feito somente para dormir, antes de uma viagem, café da manha bem simples, lanches até de madrugada, preço justo pelo serviço prestado.",0,0,0,0,0,1
Chuveiro demora demais a aquecer.,0,0,0,0,0,0
"Cafezinho sempre quentinho na recepção, internet muito ruim.",0,0,0,0,0,1
"Camas de mola, haja coluna amigos.",0,0,0,0,0,0
"Recepcionistas atenciosos, além disso o hotel possui translado gratuito para o aeroporto, em 5 min.",0,0,0,0,0,1
Você chegá-la.,0,0,0,0,0,0
"Ótimo preço e pertinho do aeroporto e com serviço de transfer gratuito do aeroporto ao hotel, o que é até bom porque dependendo do horário que se chega, os taxistas são um pouco resistentes em levá-lo.",0,0,0,0,0,1
"Não espere muito, principalmente pelo valor cobrado.",0,0,0,0,0,0
"Diária de R$ 99 direto no hotel, pelo booking estava R$89 descobri depois.Perto do aeroporto, é muito cômodo pra mim com uma TV a cabo reduzida, internet no quarto que todo dia tem que pedir p resetar e tem transfer do aeroporto p hotel - os taxistas não querem te levar por ser perto.Solicite os quartos dos fundos, mais silenciosos.",1,0,0,0,0,1
"O que nao gosto e que o povo do Sul fuma demais e em qualquer lugar, algumas áreas do hotel cheiram forte de cigarro.",0,0,0,0,0,1
"Considero bom o café da manha, com boa variedade de opções.",0,0,0,0,0,0
"O hotel fica bem próximo ao aeroporto e tem serviço de transfer grátis pra chegada e saída do aeroporto, basta ligar pra recepção e o carro está disponível, o trajeto leva apenas 5 minutos.",0,0,0,0,0,1
"O quarto é bem simples, a roupa de cama e banho também.",0,0,0,0,0,1
"Não tem comércio e restaurantes próximos, então o hotel oferece uma cozinha com pratos bem gostosos que podem ser solicitados.",0,0,0,0,0,1
"O café da manha é ótimo e tem várias opções de pães, bolos, iogurte, cereais, frutas, suco, etc.",0,0,0,0,0,0
O hotel fica perto do ponto de metro e próximo ao aeroporto.,0,0,0,0,0,1
"Dá para ir de metro até lá, mas o hotel possui transfer gratuito, tanto para ida e para a chegada.",0,0,0,0,0,1
"Os quartos que ficam em frente a avenida Farrapos apresenta um pouco de barulho, mas nada que incomode, principalmente e noite.",0,0,0,0,0,1
"o quarto é bem simples, mas possui cama confortável.",0,0,0,0,0,1
"O banheiro é igualmente simples, mas limpo e funcionando.",0,0,0,0,0,0
"O hotel fica próximo do aeroporto e tem transfer gratuito, entretanto a av.",0,0,0,0,0,1
"Farrapos tem trânsito contínuo e o quarto não tem isolamento acústico, o que é terrível para dormir.",0,0,0,0,0,1
"Quarto bem simples, mas com cama confortável.",0,0,0,0,0,1
"Banheiro igualmente simples, mas tudo limpo e funcionando.",0,0,0,0,0,0
"Café da manhã simples, mas com boa variedade.",0,0,0,0,0,1
Equipe foi muito simpática no atendimento.,0,0,0,0,0,1
Para pernoite acho ótima opção pelo valor.,0,0,0,0,0,0
O hotel expressinho esta localizado ao lado do Hotel expresso e compartilha um excelente cafe da manhã.,0,0,0,0,0,1
"Como a proposta é a simplicidade ele não possui elevador, somente escada para acesso aos quartos, que são limpos e organizados.",0,0,0,0,0,1
A equipe de atendimento é atenciosa.,0,0,0,0,0,1
"Sinceramente, as únicas coisas boas no hotel são a proximidade do aeroporto, pra quem precisa ficar perto dele, e o transfer gratuito para o aeroporto.",0,0,0,0,0,1
"Porque o resto... O hotel é muito simples, não tem elevador, o quarto é mais simples ainda, o banheiro horrível, o pessoal da recepção não é muito simpático, só vale mesmo para quem vai pegar um vôo muito cedo e não quer correr o risco de se atrasar.",0,0,0,0,0,1
Hotel muito ruim.,0,0,0,0,0,1
"Apesar de barato, mesmo assim não vale a pena, nem para pernoitar para o dia seguinte, pois não dá para descansar, visto que o barulho da rua chegava todo no meu quarto, Só vale mesmo pelo transfer gratis",0,0,0,0,0,1
"O quarto e as instalações são simples, o café da manhã tem boa variedade e o transfer é gratuito.",0,0,0,0,0,1
"Também consegui antecipar o check in, o que ajudou bastante.",0,0,0,0,0,0
"O atendimento é muito bom, foram muito atenciosos.",0,0,0,0,0,1
"Hotel simples, com banheiros antigos.",0,0,0,0,0,1
"Tem quarto com duas camas de solteiro, que obviamente será para duas pessoas, mas falta toalha para um dos hospedes, pois só há uma toalha de banho.",0,0,0,0,0,1
"O café da manhã Até que é gostoso, bem variado.Mas nos quartos da frente não se consegue dormir bem, pois o trânsito de carros, começa cedo, faz muito barulho e as janelas sem isolamento acústico, parece até estar aberta, pelo tanto de som que se ouve.",1,0,0,0,0,1
"Hotel com ótima localização, conta com transfer aeroporto-hotel-aeroporto, porém o quarto é muito pequeno e mal cuidado.",0,0,0,0,0,1
"Cama estava arrumada, porém não trocaram os lençóis, pois haviam cabelos no mesmo.",0,0,0,0,0,0
"Outro problema é acústica do hotel, quarto extremamente barulhento.",0,0,0,0,0,1
"Aconselho procurar outros hotéis e deixar esse como última alternativa, ou então a hospedagem deve ser unicamente baseada na proximidade do aeroporto.",0,0,0,0,0,1
Cobram muito caro pelo que oferecem.,0,0,0,0,0,0
"Fiquei hospedada lá pela localização, é perto do aeroporto e eles fazem o serviço de transfer.Porém essa boa localização foi a pior coisa, pois é muito barulho, não deu mesmo pra dormir a noite, não vale a pena!!!!",0,0,0,0,0,1
"Ele fica em frente a linha de trem e avenida muito movimentada.E também tive uma péssima experiência com o chuveiro rsrs ele demora a esquentar, cheguei lá meia noite e tive que tomar banho gelado.",1,0,0,0,0,0
No dia seguinte fui perguntar e eles me disseram que demora uns 10 min.,0,0,0,0,0,0
a esquentar.,0,0,0,0,0,0
"Já o café da manhã é ótimo, o atendimento também, nada a reclamar disso.",0,0,0,0,0,1
"Porém não vale a pena pra mim, lá não fico mais.",0,0,0,0,0,0
"O hotel é bem simples, mas tem a vantagem de ficar bem próximo ao Aeroporto Salgado Filho e ainda possui translado gratuito do aeroporto, basta ligar para o hotel quando desembarcar.O quarto não é dos melhores, mas pelo menos é limpinho.",1,0,0,0,0,1
"O café da manhã conta com bastante variedade, e eu achei muito bom para o padrão do hotel.",0,0,0,0,0,1
"Além disso, o hospede pode usar a academia que fica no Hotel Express, ao lado.",0,0,0,0,0,1
"Tentei achar um hotel para passar a noite para embarcar pela manhã só consegui esse hotel, como todos sabem em cima da hora o valor é fora da realidade, paguei valor como se fosse um hotel no minimo 3 estrelas, mais esse hotel parece hotel de beira de estrada ou em frente de rodoviária.",0,0,0,0,0,1
"O quarto de bom tamanho, mais muito antigo, faltava uma reforma, mais o mais importante o café da manhã com bolos e pães amanhecidos, leite aguado, não recomendo.",0,0,0,0,0,1
"Muito caro, no que se oferece, uma velharia, acredito tudo que não prestava do seu primo rico (Expresso Aeroporto), colocaram la.",0,0,0,0,0,1
"No banheiro cheios de cabelo no box, um lugar tenebrosoPraticamente um espelunca....não recomendo.....de forma nenhuma.",1,0,0,0,0,0
"Hotel pequeno, sem serviço de quarto, recepção ruim.",0,0,0,0,0,1
"quarto pequeno, antigo.",0,0,0,0,0,1
"Ar condicionado caído aos pedaços, banheiro com porta de PVC sem ducha higiênica, toalhas velhas e utensílios de banho horríveis.",0,0,0,0,0,0
Acesso aos quartos por escadas.,0,0,0,0,0,1
Porta com fechadura à chave.,0,0,0,0,0,0
"Café da manhã compartilhado com o Hotel Expresso, horrível.",0,0,0,0,0,1
Já é a terceira vez que me hospedo no Expressinho.,0,0,0,0,0,0
Não vejo nada demais.,0,0,0,0,0,0
"Pelo preço cobrado, não posso reclamar nada e ainda tem o transfer de/para o aeroporto.",0,0,0,0,0,1
"É ideal para quem busca uma opção barata, limpa e prática para conexões longas em Porto Alegre.",0,0,0,0,0,0
"Nas três vezes encontrei os quartos limpos e organizados, chuveiro também funcionando mto bem.",0,0,0,0,0,1
"Atendimento ok, sem brilho, mas eficiente.",0,0,0,0,0,1
"Na ultima vez, devido aeroporto fechado com nevoeiro, dei no-show e cheguei só na manhã do dia seguinte, mesmo assim foi me honrada a reserva e ainda me deram desconto.",0,0,0,0,0,1
Internet wireless tbm funcionou legal.,0,0,0,0,0,0
"Desvantagens: se pegar quarto com frente para a avenida e Trensurb, se prepare para o barulho, que realmente é alto, opte pelos quartos de fundo.",0,0,0,0,0,1
"Não tem elevador, então quem vem com mta bagagem sofre.",0,0,0,0,0,0
"Café-da-manhã compartilhado com o vizinho Express, eu gostei, bom.",0,0,0,0,0,0
Tivemos uma série de problemas com este hotel desde o momento da reserva.,0,0,0,0,0,1
"Os funcionários em geral são destreinados e desorganizados, não passam direito a informação entre si.",0,0,0,0,0,1
Nossa reserva foi debitada duas vezes e ainda assim tivemos a reserva cancelada !,0,0,0,0,0,0
O que não teria acontecido se fossem organizados e prestassem bastante atenção a tudo que foi acordado entre entre o estabelecimento e cliente.,0,0,0,0,0,1
"Após muito aborrecimento, ligações interurbanas e várias trocas de e-mails com um dos gerentes, resolveram esse problema.",0,0,0,0,0,1
"Na verdade, causaram mais problemas do que isso, só estou resumindo o que aconteceu.",0,0,0,0,0,0
Ficamos no terceiro andar sem elevador e tivemos que carregar as malas sozinhos.,0,0,0,0,0,0
"Nos colocaram num quarto para fumantes, mesmo sem ser solicitado, com forte cheiro de cigarro.",0,0,0,0,0,1
"Reclamamos e resolveram, mas para isso tivemos que subir e descer os 3 lances de escada.",0,0,0,0,0,0
"O ar-condicionado é muito barulhento, a ponto de não termos ouvido o despertador.",0,0,0,0,0,0
"Por sorte, acordamos sozinhos, ou perderíamos o voo.",0,0,0,0,0,0
A limpeza é ruim.,0,0,0,0,0,1
"Veja debaixo da cama, está imunda.",0,0,0,0,0,0
O cobertor é sujo e nos coçamos a noite toda.,0,0,0,0,0,0
"A agua demora muito a aquecer, minha esposa tomou banho frio numa noite fria porque, após tanto esperar, achou que não havia agua quente.",0,0,0,0,0,0
"O hotel é muito mal localizado, numa avenida famosa por prostituição e com barulho de carros e metrô (que na verdade é um trem de superfície).",0,0,0,0,0,1
Moradores da região me alertaram que não é seguro sair de noite.,0,0,0,0,0,0
"Nota fiscal foi dada apenas por uma diária, com metade do valor (60 reais, em vez de 120 por diária).",0,0,0,0,0,0
"Não tivemos tempo de reclamar disso, pois poucas horas depois partiria nosso voo e estávamos com pressa.",0,0,0,0,0,0
"Diferente do que fariam numa gestão profissional, não recebemos absolutamente nenhuma compensação pelo aborrecimento.",0,0,0,0,0,0
"Após muita discussão, se limitaram a cobrar o valor correto e nos colocar no pior quarto do hotel.",0,0,0,0,0,1
"De positivo, só o transfer gratuito, tirando o fato de que não fazem reservas e você tem que fazer ligações interurbanas assim que chegar no aeroporto.",0,0,0,0,0,1
"Não usufruímos do café da manhã, então não posso avaliá-lo.",0,0,0,0,0,1
É o pior hotel em que já me hospedei e não o recomendo a ninguém.,0,0,0,0,0,1
Não pense que irá economizar se hospedando nele.,0,0,0,0,0,0
De bom o hotel só tem a localização que é perto do aeroporto.Não possui elevador e os quartos são virados para uma avenida supermovimentado e também para a linha de metrô.,0,0,0,0,0,1
O barulho é ensurdecedor.,0,0,0,0,0,0
"O quarto não tem um piso adequado para o frio, tampouco as paredes do quarto.",0,0,0,0,0,1
"O lençol é fino demais e estava rasgado, o coberto fedia a mofo e o banheiro é hipergelado e pequeno.",0,0,0,0,0,0
O ar condicionado/aquecedor era velho e não funcionava direito.,0,0,0,0,0,0
O estacionamento é fora do hotel e cobrado a parte.,0,0,0,0,0,1
O wi-fi é péssimo e só funcionava no lobby do hotel.,0,0,0,0,0,1
"O hotel Expressinho é básico para quem precisa passar uma noite em Porto Alegre: o valor é barato, o hotel é limpo, o café da manhã é muito bom.",0,0,0,0,0,1
"No mais possui um banheiro simples e um quarto também, quando estivemos era inverno e o ar-condicionado novo ajudou bastante em esquentar o ambiente!",0,0,0,0,0,1
"No mais tem um traslado gratuito para o Aeroporto de 15 em 15 minutos, o que ajudou a escolhê-lo!",0,0,0,0,0,1
"O Hotel Juliz é extremamente simples, fica numa casa bem antiga, o que lhe dá um aspecto de pensão, em que os aposentos da casa foram transformados em pequenos quartos para pernoite.",0,0,0,0,0,1
"Alguns quartos tem banheiro individual, nos demais o banheiro é coletivo.",0,0,0,0,0,1
Entretanto o custo é bem mais baixo do que hotéis tradicionais.,0,0,0,0,0,0
É uma boa relação custo-benefício ficar no Juliz.,0,0,0,0,0,1
"Os quartos não são dos melhores, mas dá para ter uma razoável noite de sono, ainda mais para quem, como eu, ficou somente uma diária.",0,0,0,0,0,1
"Ponto positivo para a rede Wi-Fi, que funciona perfeitamente.A recepção fechar a noite é um ponto negativo.",1,0,0,0,0,1
Eu tive o prazer de ficar no Hotel Residencial Juliz por duas noites em maio de 2012.,0,0,0,0,0,1
"O proprietário, Julio, é um homem muito sério e inteligente, e isso é refletido em seu hotel.",0,0,0,0,0,1
"O Hotel Residencial Juliz tem acomodação básica, com uma aparência geral sem pintura.",0,0,0,0,0,1
"No entanto, tudo funciona e está em bom estado de conservação.",0,0,0,0,0,0
Tem Wi-Fi gratuita e camas adequadas.,0,0,0,0,0,0
O os chuveiros e trancas funcionam e as luzes são claras o suficiente para que se possa fazer coisas no quarto à noite.,0,0,0,0,0,1
"Julio e sua equipe são prestativos, gentis e atenciosos.",0,0,0,0,0,0
"Em um momento, Julio não estava no hotel e me ligou especialmente para responder uma pergunta e me dar dicas sobre minhas atividades propostas.",0,0,0,0,0,1
"Há evidência de melhoramento contínuo com escadas e outros, então você pode chegar e encontrar tudo maravilhosamente pintado.",0,0,0,0,0,0
"Acima de tudo, o preço é justo.",0,0,0,0,0,1
"A localização é na parte antiga de Porto Alegre, com interessantes ruas sinuosas e uma variedade de locais simples para comer.",0,0,0,0,0,1
"É uma área residencial, que, na Austrália ou Estados Unidos, já estaria povoada pela classe média.",0,0,0,0,0,0
Está a uma distância de 1 km do Gasômetro e a uma caminhada curta do Centro Histórico.,0,0,0,0,0,1
Não é muito longe para andar até a maioria dos locais de interesse como o Mercado Público (mais rápido se você for pelas colinas).,0,0,0,0,0,0
Há um bom supermercado a 5 minutos de distância.,0,0,0,0,0,0
"Como eu falo português, eu não vi quanto o inglês é falado por aqui, mas Julio responde rapidamente os e-mails, então você pode descobrir isso facilmente.",0,0,0,0,0,0
"Esse lugar não é o Hilton Hotel, mas eu fiquei confortável e feliz e minha avaliação está endereçada para os viajantes econômicos.",0,0,0,0,0,1
"Hotel com ótima localização, perto de vários restaurantes e perto do centro.",0,0,0,0,0,1
Café da manhã razoável.,0,0,0,0,0,1
"Quarto bem aconchegante, só o banheiro é bem simples mas da pro gasto,fiaria de novo pelo custo/beneficio.",0,0,0,0,0,1
Ficamos por 2 semanas no Hotel.,0,0,0,0,0,1
"Bom atendimento, café da manhã razoável, no entanto sem muitas variedades.",0,0,0,0,0,1
Em 1 semana você já fica enjoado da repetitividade.Elevador precisando de manutenção.,0,0,0,0,0,0
"Quando parávamos no andar desejado, ele parava de vez, meio bruto.No mais, bom hotel.",1,0,0,0,0,1
As fotos não condizem com o que eu encontrei lá.,0,0,0,0,0,0
"o banheiro é muuuito velho, a torneira quando aberta fazia um barulho que mais parecia um trem chegando, papel de parede do quarto rasgado, o café da manhã bem mais ou menos, enquanto comíamos a mulher começou a resmungar, desligar o ar condicionado, televisão, e retirar a comida, uma falta de respeito, não recomendo.",0,1,0,0,0,1
"Hotel com ótima localização, perto de vários restaurantes e perto do centro.",0,0,0,0,0,1
Café da manhã razoável.,0,0,0,0,0,1
"Quarto bem aconchegante, só o banheiro é bem simples.",0,0,0,0,0,1
Atendimento muito atencioso e educado.,0,0,0,0,0,1
Perfeito para um banho e uma ótima noite de sono.,0,0,0,0,0,0
"O Hotel tem ótima localização, perto do centro histórico e principais atrações de Porto Alegre.Quarto com ar-condicionado que funcionava bem e cama confortável!",1,0,0,0,0,1
"Só o banheiro que deixa um pouco a desejar, mesmo assim tudo funcionava muito bem!!",0,0,0,0,0,0
O café-da-manhã é bom!,0,0,0,0,0,0
"Pra quem pretende ficar o dia todo na rua e voltar pro Hotel somente pra dormir, está ótimo!",0,0,0,0,0,1
!,0,0,0,0,0,0
Hotel com ótima localização mas com instalações velhas.,0,0,0,0,0,1
Tomadas nao funcionavam.,0,0,0,0,0,0
O quarto tinha cheiro de velho e tive alergia com a roupa de cama.,0,0,0,0,0,1
Café da manha é razoavel com poucas opções.,0,0,0,0,0,0
Wifi caia a todo momento e nao funcionava depois das 11 da noite.,0,0,0,0,0,0
"Hotel muito antigo, no site é lindo, pessoalmente é horrível, cheira mofo, banheiro sujo, ar condicionado péssimo, café da manhã sem muitas opções, chuveiro demora a sair água quente, não tem indicação de quente/frio, tv de 14 antiga, internet nem sempre funciona e estacionamento caro, sendo que no site do reserva fácil não informa a cobrança.",0,0,0,0,0,1
"Ninguém ajuda a carregar as malas e, além do mais, quando buscam seu carro no estacionamento vem com cheiro de cigarro e com o ar condicionado e rádio ligados!",0,0,0,0,0,0
Péssimo!!!,0,0,0,0,0,0
Não me hospedo mais nesse hotel e nem recomendo!,0,0,0,0,0,1
"Instalações velhas, cheirando a mofo.",0,0,0,0,0,1
"Para quem tem rinite, aquele carpete é horrível!",0,0,0,0,0,0
Demora para esquentar a água do chuveiro e torneiras.,0,0,0,0,0,0
"O banheiro não tem box, então ao utilizar o chuveiro o banheiro fica todo molhado.",0,0,0,0,0,0
"Wi-fi instável, a conexão cai.",0,0,0,0,0,0
Ar condicionado antigo e barulhento.,0,0,0,0,0,0
Café da manhã básico.,0,0,0,0,0,1
Não sei nem se posso chamar aquilo de hotel.Instalações velhas e mal consevadas.,0,0,0,0,0,1
Tudo cheira a mofo.,0,0,0,0,0,0
Faltou água por duas vezes durante a estadia e demora muito a sair agua quente nas torneiras e chuveiro.,0,0,0,0,0,0
Serviço de café da manhã horrível...,0,0,0,0,0,1
"O pagamento tem que ser na entrada, sem a possibilidade de parcelar, além disso na entrada não há rampa e nenhum funcionário se prontifica a te ajudar com as bagagens.",0,0,0,0,0,0
No período que me hospedei ( 5 dias ) o WIFI não pegou em nenhum instante e o computador do hotel disponível para os hospedes estava cheio de vírus o que bloqueou minha conta no facebook.,0,0,0,0,0,1
"A limpeza, a localização e o café da manhã estavam ótimos, porém esse último começava apenas as 7, o que complica a vida de quem está na cidade a negocios ou para prestar vestibular A empresa de táxi demora demais para chegar no hotel e os funcionários não são capacitados para sugerir passeios turisticos.",0,0,0,0,0,1
Não recomendo.,0,0,0,0,0,0
"Hotel novo e muito confortavel.Otimo atendimento e uma realacao custo beneficio perfeita.Café da manha muito bem servido e os quartos sao limpos e aconchegantes.Para quem gosta de jantar fora, o hotel fico proximo de otimos restaurantes.",2,0,0,0,0,1
"A localização é muito boa, pois fica no centro da cidade, mas o atendimento deixa a desejar.",0,0,0,0,0,1
A começar pelos degraus ba entrada do hotel.,0,0,0,0,0,1
Nenhum funcionário se prontificou a ajudar a carregar a mala.,0,0,0,0,0,0
"Poderiam, pelo menos colocar uma rampa.",0,0,0,0,0,0
"O hotel Açores é antigo, mas tem uma ótima relação custo benefício, estando bem no centro de Porto Alegre!",0,0,0,0,0,1
"Fica próximo à um dos principais pontos turísticos de Porto Alegre, a Casa de Cultura Mário Quintana, lugar muito interessante de se visitar, principalmente o restaurante no andar mais elevado, fica próximo ao shopping Rua da Praia, que não é shopping grande, mas cumpre a finalidade para caixas automáticos, Macdonalds e restaurantes!Café da manhã muito bem variado, com frios e ovos mexidos por exemplo... Bem Central, dá acesso ao coração da Capital Gaúcha, ao Mercado Municipal também, outro importante ponto turístico.",0,0,0,0,0,1
"O hotel é um pouco antigo, mas bem aconchegante!",0,0,0,0,0,1
"Café da manhã muito bem variado, com frios e ovos mexidos por exemplo!Localizado no Centro de Porto Alegre, ele fica próximo à um dos principais ponto turístico, Casa de Cultura Mário Quintana, assim como próximo de shoppings como o Rua da Praia!",0,0,0,0,0,1
Além de estar localizado à algumas quadras do do Mercado Municipal da cidade!,0,0,0,0,0,0
"Em relação à Limpeza, achei REGULAR... O hotel não é imundo, mas tb não é super limpo.Os Funcionários são bem simáticos.",1,0,0,0,0,1
"O Café da manhã é muito ruim e sem graça... Valem a localização, conforto e custo, que é barato.",0,0,0,0,0,1
"Este HOTEL é MUITO VELHO, NECESSITA DE REFORMA URGENTE.",0,0,0,0,0,1
"Pessoal, está Localizado numa das mais tradicionais ruas de Porto Alegre, o Hotel Açores encontra-se estrategicamente dentro do centro financeiro, turístico, comercial e cultural de Porto Alegre.",0,0,0,0,0,1
"Está a poucos quarteirões da Estação Rodoviária, Hospital Santa Casa, Usina do Gasômetro, Universidades, Praça da Alfandega, Shopping Rua da Praia café da manhã com muita variedade funcionarios atenciosos.",0,0,0,0,0,1
"Localizado na mais tradicional rua de Porto Alegre, o Hotel Açores encontra-se estrategicamente dentro do centro financeiro, turístico, comercial e cultural de Porto Alegre.Está a poucos quarteirões da Estação Rodoviária, Hospital Santa Casa, Usina do Gasômetro, Universidades, Praça da Alfandega, Shopping Rua da Praia, Parque Farroupilha, Palácio Piratini, Tribunal de Contas, Museu do MARGS, Teatro da OSPA e outros pontos de interesse.",0,0,0,0,0,1
"Os apartamentos amplos e confortáveis são equipados com ar-condicionado, frigobar, telefone, cama box spring, mesa de trabalho, wi-fi grátis, recepção 24 horas e estacionamento.",0,0,0,0,0,1
"O hotel serve um grande buffet de café-da-manhã com variedade de produtos, incluindo frutas da época, frios e iogurtes.",0,0,0,0,0,1
"Gostei muito do hotel.Tudo novo, uma estrutura excelente.",1,0,0,0,0,1
"Quarto limpo e bem decorado.Atendimento excelente, café da manhã com muita variedade.o único defeito é a localização do hotel.Fica numa rua deserta, afastada das boas atrações da cidade.se estiver de carro, eles cobram a diária da garagem (o que eu acho que poderia ser uma cortesia do do hotel)",3,0,0,0,0,1
Hotel instalado em edifício antigo.,0,0,0,0,0,1
"O quarto que usei tinha acabamentos bastante antigos, mas a cama era bastante confortável, e como era na parte mais aos fundos do hotel, era silencioso.",0,0,0,0,0,1
"Os corredores dão uma sensação meio fúnebre, por não ter muita iluminação.O acesso é fácil, fica numa ótima localização, perto da Praça da Alfândega e centro histórico da da cidade.",1,0,0,0,0,1
O atendimento é bom.,0,0,0,0,0,1
O café-da-manhã não tem muita variedade.,0,0,0,0,0,0
"Apesar de ficar em uma área central com acesso fácil a tudo, a noite foi terrivel, o quarto estava com cheiro de mofo e o carpete estava bem sujo.O banheiro tinha azulejo caindo e o barulho que vinha da rua era terrível a janela não isolava nada.Acho que eles devem ter alguns quartos melhores mas devem deixar os piores para quem reserva via Decolar.com e em promoção.",3,0,0,0,0,1
Não foi uma boa experiência,0,0,0,0,0,0
"Hotel novo, boa localização, atendimento ágil e cortês.",0,0,0,0,0,1
Há 5 minutos do Shopping Total.Ponto negativo: o room-service estava fechado.,1,0,0,0,0,1
Fomos atendidos pela nutricionista que foi bem atenciosa e rápida.Recomendamos.,0,0,0,0,0,0
"Quando reservei este hotel, eu sabia que era simples, mas era próximo de um compromisso profissional.",0,0,0,0,0,1
"Todavia, ao me hospedar, fiquei surpreso com o total descuido com a manutenção.Trata-se de uma construção antiga, mas sem qualquer revitalização ou mesmo preservação dos espaços.",1,0,0,0,0,0
"Os corredores são horríveis, verdadeiramente fúnebres, sendo mal iluminados, com carpetes sujos e manchados, além de falta pintura nas paredes.",0,0,0,0,0,0
"Os banheiros precisam, com urgência, de reforma.",0,0,0,0,0,0
"Enfim, não indico para ninguém.",0,0,0,0,0,0
Hotel relativamente perto do Menino Deus (bairro do Shopping Praia de Belas).,0,0,0,0,0,1
"Quarto bem grande, limpo, mas sem luxo.",0,0,0,0,0,1
Colchão bem ruim (muito murcho) e travesseiros ruins também.,0,0,0,0,0,0
"Banheiro razoável, pois o chuveiro é bem mais ou menos.",0,0,0,0,0,0
"Café da manhã farto e bem gostoso em alguns dias e em outros, nem tanto.",0,0,0,0,0,1
"Custo-benefício bacana dependendo de onde você irá frequentar, pois precisará de táxi para se deslocar.",0,0,0,0,0,1
"Mas, atendentes muito solícitos e educados.",0,0,0,0,0,0
GOSTEI!,0,0,0,0,0,0
Não se iluda com a recepção reformada e com os atendentes bem vestidos.Instalações velhas e em péssimo estado.,0,0,0,0,0,1
"Banheiros sujos, alguns sem funcionamento da descarga.",0,0,0,0,0,0
"Instalações antigas não é defeito, mas neste hotel o desleixo, a sujeira e falta de conforto são marcas inesquecíveis.Não se hospede nem de passagem.É o típico: o Barato ( não gratuito), sai...",0,0,0,0,0,1
"Parte boa: Hotel bem localizado no centro, próximo à prefeitura, mercado municipal, shopping, usina do gasometro, etc.Parte ruim: Instalações e serviço deixaram a desejar.",1,0,0,0,0,1
"A recepção parece que foi reformada, pois está novinha e muito bem cuidada, com relação ao resto do hotel.",0,0,0,0,0,1
"Quarto com cheiro de mofo, moveis antigos, instalações mal conservadas no banheiro.",0,0,0,0,0,1
"Café da manhã muito muito, muito caro.",0,0,0,0,0,1
"Nossos funcionários ficam hospedados lá por ser central, bom atendimento, tem mercado perto.",0,0,0,0,0,1
Seria melhor se tivesse microondas no quarto.,0,0,0,0,0,1
"Alguns quartos parecem ter instalacões mais antigas, o chuveiro demora a esquentar.",0,0,0,0,0,1
"Hotel bem localizado, próximo ao centro e ao Shopping Total.",0,0,0,0,0,1
"Excelente quartos, bem limpo, bom banheiro, bom ar condicionado, boa cama, boa TV.",0,0,0,0,0,1
Muito bom tanto para negócio quanto para férias.,0,0,0,0,0,0
Hotel novo com menos de um ano.,0,0,0,0,0,1
Fiz uma reserva equivocada nesse hotel achando tratar-se do Açores Premium no qual havia me hospedado no mês seguinte.,0,0,0,0,0,1
"O hotel é velho, quarto horrível e banheiros horríveis.",0,0,0,0,0,1
Apenas a recepção foi reformada.,0,0,0,0,0,1
Passei um frio infernal e nem cobertores adequados o quarto tinha.,0,0,0,0,0,1
"Enfim, pelo que cobram você consegue hospedar-se em lugar melhor.",0,0,0,0,0,0
"Hotel bem localizado, no centro de Porto Alegre, próximo ao Mercado Municipal e a Casa Mario Quintana.",0,0,0,0,0,1
"Os apartamentos são bons, limpos, embora sejam muito escuros.",0,0,0,0,0,1
"Café da manhã bom, com variedades e qualidade.",0,0,0,0,0,1
Funcionários atenciosos.,0,0,0,0,0,1
"Bem localizado para quem quiser estar no centro de Porto Alegre , perto da Praça da Algandega e MARGS.",0,0,0,0,0,1
Muito próximo da Casa de Mario Quintana para visitar exposições e tomar um café.,0,0,0,0,0,0
Caminhada até o Mercado Público bem como visitar o Gasometro a pé .,0,0,0,0,0,0
"O hotel é bom, o quarto que fiquei era bem espaçoso, assim como o banheiro.",0,0,0,0,0,1
A localização é boa e o preço é bem adequado.,0,0,0,0,0,1
O café da manhã é bem variado oferecendo opções saudáveis.,0,0,0,0,0,1
"Só achei que o aquecimento deixa a desejar, deu vontade de nem tomar banho.",0,0,0,0,0,0
Os quartos são bons e baratos.,0,0,0,0,0,1
Sempre que meu pai vai a curso em POA ele fica hospedado nele.,0,0,0,0,0,0
Custo benefício bem bom.,0,0,0,0,0,0
"Um hotel bem simples, mas limpo.",0,0,0,0,0,1
Recomendo para a estadia de poucos dias.,0,0,0,0,0,0
Os funcionários são educados e prestativos.,0,0,0,0,0,1
O café da manhã é bom.,0,0,0,0,0,1
"Boa localização.Quarto bom, reformado.banheiro antigo, mal conservado, ruim.Café da manhã okAtendimento sem reclamações, exceto de um dia que não foi reposto água no frigobar porque eles não tinham em estoque.Custo beneficio: vale a pena",2,0,0,0,0,1
"Barato e muito bem localizado, no centro de POA.",0,0,0,0,0,0
"De dia você está perto de tudo, principalmente das atrações culturais.",0,0,0,0,0,0
"Porém , a noite, o local é muito sinistro , deserto.",0,0,0,0,0,0
Os funcionário são educados e prestativos.,0,0,0,0,0,0
"O café é fraco, com pouca variedade.",0,0,0,0,0,0
"Não ligo tanto para luxo, no entanto já fui a hostels fuleiros que eram melhores que o hotel.",0,0,0,0,0,1
"A parte interna da portaria você vê e até pensa que é um hotel razoavel, mas o banheiro é deplorável.",0,0,0,0,0,1
"O quarto tem um aspecto de bem velho também, ficando com receio se a higiene do local é feita devido ao descuido com essas outras coisas.",0,0,0,0,0,1
"Os funcionários são atenciosos, mas realmente o hotel é bem fraco.",0,0,0,0,0,1
"Não volto, pois o preço nao é tão mais barato que os demais.",0,0,0,0,0,1
Localização ok.,0,0,0,0,0,1
Vi o hotel pelo site e pela Montreal(plano de hospedagens) e parecia um bom lugar.,0,0,0,0,0,1
"Existe um ponto forte no hotel, o quarto é branco e razoável.",0,0,0,0,0,1
"Mas a localização é horrível mesmo, assustadora, prostitutas usam o hotel para receber os clientes e etc.",0,0,0,0,0,1
"Fiquei um dia, porque ja tinha chegado tarde, paguei no show feliz.",0,0,0,0,0,0
"Hospedem-se na cidade baixa ou no bairro moinhos de vento, o preço é quase igual e a qualidade muito diferente.",0,0,0,0,0,1
"Apesar da ótima localização, o Express do Açores é péssimo.",0,0,0,0,0,1
Não tem nenhuma condição de estar figurando em listas de hotéis disponíveis.,0,0,0,0,0,0
"A portaria é arrumadinha e os funcionários corteses, mas no elevador já dá pra sentir o drama.",0,0,0,0,0,1
"O quarto é velho e o banheiro um caso de saúde pública, já que no box o piso é um laminado plástico por cima do azulejo e super mofado por baixo, um chuveiro ruim e sem ventilação.",0,0,0,0,0,1
O café é básico com Soborôs sortidos de ontem.,0,0,0,0,0,0
Não gostamos e não recomendo pra ninguém.,0,0,0,0,0,0
"Não se deixe enganar pelas fotos , ao chegar no hotel a recepção é legal mais quando chega nos corredores escuros onde as lâmpadas não acendem e fica difícil encontrar seu quarto, ao entrar encontrará um quarto onde nem tudo funciona lâmpadas queimada balheiro com aspecto ruim e tudo antigo parq os alérgicos o carpete antigo em geral uma péssima opção.",0,0,0,0,0,1
"Resumindo,atendimento nao é bom,banheiros bem antigos o chuveiro demora muito pra esquentar.televisao 14 em todos os quartos as fotos realmente enganam.queriam cobrar uma diaria a mais sendo q eu ja tinha deixado tudo pago antes de entrar no hotel,precisa se de um reforma urgente no hotel",0,0,0,0,0,1
Ficamos em um quarto quadruplo que tinha bastante mofo na parede.,0,0,0,0,0,1
"Não tem tv a cabo, é um hotel bem antigo.",0,0,0,0,0,1
"O café da manhã é bom, bem variado.",0,0,0,0,0,1
"A portaria do hotel é muito limpa, bonita e organizada, já o restante do hotel não acompanha este padrão.",0,0,0,0,0,1
Se for apenas pra dormir quebra o galho em função do preço baixo.,0,0,0,0,0,1
"Não indico para hospedagem de famílias, principalmente com crianças pequenas em função da higiene dos quartos.",0,0,0,0,0,1
Roupas de cama bem usadas.,0,0,0,0,0,0
"A porta do box do banheiro não fechava em função da privada que fica no caminho, ou seja, o banho tem que ser tomado com a porta do box entreaberta.",0,0,0,0,0,0
"A janela do banheiro não fecha totalmente, o que deve ser um grande problema em dias de muito frio.",0,0,0,0,0,0
"Internet- OK, localização boa.",0,0,0,0,0,1
"Conforto poderia ser melhor, mas no geral está legal.Fiquei pela segunda e vez e voltaria, no final das contas o custo compensa.Próximo à diversos pontos turisticos como o gasometro.TV´s maiores nos quartos seriam bem vindas.",2,0,0,0,0,1
"Fiquei num quarto quádruplo, somente para dormir e no outro dia pela manhã ir para o Aeroporto.",0,0,0,0,0,1
"As instalações do quarto eram um pouco antigas, a roupa de cama (edredon) tinha aspecto de suja.",0,0,0,0,0,1
"O chuveiro era bastante velho, demorou para conseguir achar o ponto em que ele esquentasse.",0,0,0,0,0,0
"Quanto ao café da manhã, não deu para usufruir pois começava a ser servido somente às 7h e precisamos sair 6h.",0,0,0,0,0,1
"Excelente local para ficar com a familia, bem localizado, bem no centro da cidade, proximo a diversos pontos turisticos como o gasometro.",0,0,0,0,0,1
"Otimo atendimento, bons quartos, bom preço, otimo cafe da manha",0,0,0,0,0,1
"Fiquei no 3º andar, o quarto era velho, o banheiro tinha azulejo azul de casa de vó, e o box não fechava além de ser de acrílico.Chuveiro não esquenta direito.Quarto com mofo nos tetos e nas paredes e a janela do quarto dava pro depósito de lixo do hotel.",1,0,0,0,0,1
"Nojento.Não tinha tomada para carregar celular, apenas a tomada da tv e uma tomada no banheiro.Pelo menos as camas tinham lençóis e toalhas limpas.",1,0,0,0,0,0
O hall de entrada do prédio é agradável e do lado do elevador tem um poster com fotos de quartos que eu duvido que seja de lá pelo que eu vi no meu.,0,0,0,0,0,1
Não aconselho.,0,0,0,0,0,0
"Quartos velhos, cheira mofo, sujidades nas paredes, trincas, tv muito antiga de tubo, poucos canais na tv, elevadores antigos.",0,0,0,0,0,1
A entrada do hotel da impressão de ser um hotel de alta rotatividade.,0,0,0,0,0,1
"O café da manhã é honesto, nada de mais, mas é o unico ponto positivo do hotel.",0,0,0,0,0,1
"Hotel com estrutura bem antiga mas é limpo, mas tem cheiro de mofo o que prejudica a saúde de quem possui rinite alérgica como eu.",0,0,0,0,0,1
É bem localizado com diárias acessíveis.,0,0,0,0,0,0
O atendimento é excelente e o café da manhã é bom.,0,0,0,0,0,1
"Acomodações simples, mas bem limpas.",0,0,0,0,0,0
Atendimento bom.,0,0,0,0,0,1
As salas para eventos são meio apertadas e limitadas.,0,0,0,0,0,0
"A localização é muito boa, perto de tudo no Centro.",0,0,0,0,0,1
Café bom.,0,0,0,0,0,0
O hotel fica na Andradas e não tem estacionamento.,0,0,0,0,0,1
Tem que deixar o carro próximo.,0,0,0,0,0,0
"Hotel bom, apenas tem algum cheiro de mofo no quarto de fundo, sendo que nos quartos da fente por pegar mais sol o cheiro de mofo é bem pequeno mas a localizaçao é otima, bem no centro da cidade, perto de tudo.",0,0,0,0,0,1
e o preço é muito bom com otimo atendimento por parte dos funcionarios.,0,0,0,0,0,1
Estive uma vez no Hotel Açores e achei-o bem razoável.,0,0,0,0,0,1
A localização central é ótima.,0,0,0,0,0,1
"O café da manhã era em boa quantidade e qualidade, me surpreendeu a variedade disponível.",0,0,0,0,0,1
O quarto era bem razoável.,0,0,0,0,0,1
"Claro, o prédio é velho e os quartos e mobília são velhos, mas não tive problema quanto a isso.",0,0,0,0,0,1
Fiquei em um quarto bem espaçoso com duas camas.,0,0,0,0,0,1
"Não voltaria ao hotel apenas porque acho ele caro pelo serviço oferecido, isto é, embora o hotel seja bom, não acho que vale o preço que custa.",0,0,0,0,0,1
"Se fosse mais barato, me hospedaria sempre nele.",0,0,0,0,0,0
Fui com um grupo da faculdade (saímos de SM sábado às 5:00 pra chegar a tempo de assistir uma palestra que começava às 10:00) e chegamos no hotel às 17:30 depois de termos feito uma visita técnica nos pontos turísticos de POA.,0,0,0,0,0,1
"Até aí tudo bem até o momento em que minha colega de quarto resolveu tomar banho: água GÉLIDA e com pouquíssima pressão, sendo que em menos de 5 minutos a água acabava.",0,0,0,0,0,1
Não foi só no nosso andar em TODO O HOTEL foi assim.,0,0,0,0,0,1
Achei uma tremenda falta de consideração para com o hóspede um banho morno é o mínimo que um hotel deve proporcionar ao hóspede.,0,0,0,0,0,1
Se parou por aí?,0,0,0,0,0,0
Não papeis de parede MANCHADOS e DESCOLANDO... Tudo bem... A questão da água tinha uma explicação: faltou água no centro.,0,0,0,0,0,0
"Mas não é possível que o hotel não tenha água quente no reservatório...O café da manhã foi bom até, se as frutas não estivessem velhas e murchas E tinha muito suco de laranja no açúcar.",1,0,0,0,0,1
"Hotel recém inaugurado, portanto tudo novinho em folha, atendimento cordial, apartamentos amplos,bom café da manhã e o melhor e mais dfícil de se encontrar atualmente no Brasil: preço justo.",0,0,0,0,0,1
"O ponto negativo, que pode ser positivo dependendo do ponto de vista, é a localização, próximo ao Shopping Total e a rodoviária.",0,0,0,0,0,1
"Ou seja, não é um lugar para passear a  pé, mas no Shopping Total tem praça de alimentação,que é útil já que o hotel não tem room service, com boas lanchonetes e alguns bons restaurantes.",0,0,0,0,0,1
"Não é tão distante da Calçada da Fama, que é um dos points da cidade.",0,0,0,0,0,0
RECOMENDO e voltarei.,0,0,0,0,0,0
"Pelo que li aqui, parecia que o hotel era uma casa dos horrores, mas não.",0,0,0,0,0,1
"Ele tem um preço razoável (180 reais, quarto para casal), o quarto era espaçoso, limpo e novo.",0,0,0,0,0,1
"Cama confortável, ar condicionado funcionando a todo vapor (fomos em POA em dias de muuuuuuito calor).",0,1,0,0,0,0
O banheiro também (acho que devem ter reformado) é espaçoso e limpo.,0,0,0,0,0,0
"O café da manhã é bom, mas apesar de ser servido até as 10 horas, se você chegar as nove e meia, metade das coisas já acabaram e não houve reposição.",0,0,0,0,0,1
"O que é péssimo para um hotel: nove e meia já não tem mais ovos mexidos e frutas, por exemplo (aconteceu nos 3 dias que estivemos hospedados lá - o que diminui a possibilidade de ter sido coincidência).",0,0,0,0,0,1
"Foram atenciosos na recepção, porém na hora de pagar a conta, nos cobraram diárias a mais pelo estacionamento do carro, sendo que o carro ficou estacionado apenas um dia (e a moça da recepção não sabia fazer o extorno no cartão de crédito - que dor de cabeça!).",0,0,0,0,0,1
"Aliás, eles cobram estacionamento e nem se prontificaram a avisar.",0,0,0,0,0,0
"Isso nos chateou muito, pois não fomos informados sobre absolutamente nada.",0,0,0,0,0,0
"Outra coisa, certa noite pedimos um táxi na recepção do hotel e o taxista cobrou uma taxa extra de deslocamento.",0,0,0,0,0,1
O hotel não nos informou sobre isso.,0,0,0,0,0,1
"Só depois que falamos lá na recepção, eles disseram que os taxistas não cobram taxa de deslocamento e que fomos enganados.",0,0,0,0,0,1
Achamos que faltou muita comunicação com os clientes por parte da recepção.,0,0,0,0,0,1
Deveriam ter nos avisado da taxa do estacionamento e do táxi.,0,0,0,0,0,0
"Além do que, eles que chamaram o táxi, acreditamos que poderíamos confiar no táxi que o hotel ofereceu.",0,0,0,0,0,1
"Se não podemos confiar no que o hotel indica para a gente, estamos perdidos, né?",0,0,0,0,0,1
"Em relação a localização, fica no centro.",0,0,0,0,0,1
"E centro, a noite e nos finais de semana, é estranho em todo lugar do mundo.",0,0,0,0,0,0
Mas fica perto de um shopping e de pontos de ônibus,0,0,0,0,0,1
"Me colocaram num quarto standard ao invés do executivo, o qual paguei por ele.",0,0,0,0,0,1
"A justificativa é que como atrasado devido ao meu voo, colocaram outra pessoa... isso existe?!",0,0,0,0,0,0
Desrespeito total ao consumidor.,0,0,0,0,0,0
"Sem duvida alguma, um dos piores hotéis que já me hospedei.",0,0,0,0,0,0
Cafe da manha com poucas opções e frio.,0,0,0,0,0,0
"Elevador velho, banheiro do quarto horrível, quarto com infiltrações e insetos.",0,0,0,0,0,1
Nao vale metade do preço.,0,0,0,0,0,1
Nao se hospedem neste local sem estrutura!,0,0,0,0,0,0
"O hotel apesar de ser simples,é muito bom,principalmente por sua licalização,fica próximo de vários pontos turisticos,pois se encontro na região historica da cidade,o que torna uma região com um ambiente bastanre agrádavel.",0,0,0,0,0,1
"Os funcionários tambem nos recebem muito bem,ótima recepção!",0,0,0,0,0,1
"O preço indica o que receberá como serviço: um hotel simples, algo desgastado, com corredores escuros e banheiros simples e mal conservados.",0,0,0,0,0,1
"No entanto, o básico está considerado: os quartos são espaçosos, há aquecimento, água quante, e o café da manhã é farto e variado.",0,0,0,0,0,1
O atendimento foi gentil e correto.,0,0,0,0,0,1
A localização é excelente.,0,0,0,0,0,1
"Jamais voltaria, embora tenha uma boa e reformada recepção, qdo entramos no apartamento a história muda, instalações precárias, banheiro ruim, velho, a porta do Box caindo expondo o hospede a riscos, ar condicionado super barulhento, quarto mofado, um horror!",0,0,0,0,0,1
Se estão reformando eu não sei mas precisa urgente de reforma!,0,0,0,0,0,0
Café da manhã com sucos artificiais para piorar a situação!!,0,0,0,0,0,1
Não recomendo!!,0,0,0,0,0,0
!,0,0,0,0,0,0
"Acomodações ruins, com mal cheiro, e sujas.",0,0,0,0,0,0
"Apesar do bom café da manha e dos bons recepcionistas, as camareiras sao ruins também.",0,0,0,0,0,0
Além disso a internet nao funcionava.,0,0,0,0,0,0
A única coisa que ainda passa é o café da manhã mediano.,0,0,0,0,0,1
Os quartos são antigos e pequenos e o banheiro é de fazer você rir .. pois no mesmo espaço que vc toma banho pode fazer as necessidade fisiológicas simultaneas.,0,0,0,0,0,1
Imagine a cena senta-se no vaso sanitário e abre o chuveiro e está tudo certo toma banho sentado.,0,0,0,0,0,0
kkkk Parece piada mas é sério,0,1,0,0,0,0
"O atendimento foi muito bom, a localização é no centro, e o custo é barato.",0,0,0,0,0,1
"Porém não tem conforto, bem apertado e como os comentário que verifiquei o chuveiro em alguns quartos fica em cima do vaso sanitário.",0,0,0,0,0,1
"O hotel é bem ruim, os quartos são muito apertados e o banheiro mais ainda.",0,0,0,0,0,1
O hotel tinha um cheiro forte.,0,0,0,0,0,1
"Fica bem no centro, mas não achei a localização boa, por não ter nenhum restaurante por perto, além de a região parecer bem perigosa.",0,0,0,0,0,1
"O café da manhã tinha muitas opções, mas não havia muitas mesas, dada a quantidade de quartos.",0,0,0,0,0,1
Não recomendo.,0,0,0,0,0,0
"Hotel simples, quarto beeem pequeno, banheiro idem (com chuveiro quase em cima do vaso sanitário, sem box), limpo, ar condicionado split, ótimo pra quem precisa dar voltas no centro de POA, e dormir.",0,1,0,0,0,1
"Cama bem macia, quarto bem silencioso.",0,0,0,0,0,1
Sem frescura.,0,0,0,0,0,0
Obs:.,0,0,0,0,0,0
"Diária individual R$ 100,00.",0,0,0,0,0,0
"O hotel Scala fica bem no centro de Porto Alegre.É um hotel antigo e razoável nos quartos, banheiro e no café da manhã.É prático por estar bem no centrão, pois pode andar a pé pela região.Na época que fiquei hospedada, estava com bastante hóspedes.",1,0,0,0,0,1
"Após procurar no Google e Google Maps uma opção de hospedagem em Porto Alegre, tive uma surpresa negativa ao chegar no hotel.",0,0,0,0,0,1
"O mesmo está localizado bem no centro de uma intensa movimentação comercial, diante de ladeiras e ruas estreitas e com mão única, o que dificulta o percusso de Táxis.",0,0,0,0,0,0
"Durante a noite, os funcionários recomendam não circularmos pela pela região, por ser perigoso.",0,0,0,0,0,1
Há uma boate nas proximidades e vários frequentadores estranhos.,0,0,0,0,0,0
As portas do hotel permanecem fechadas sempre.,0,0,0,0,0,1
"A localização e custo-benefício é ótimo para quem tem negócios e demandas naquela região, mas com certeza não voltarei a me hospedar neste hotel.",0,0,0,0,0,1
"Café da manhã razoável, boa localização e bom atendimento.No quarto em que fiquei tinha até uma pequena cozinha com pia, microondas e frigobar, gostei muito do quarto, era um quarto quádruplo com uma parede no meio separando dois ambientes, cada um com 2 camas.",1,0,0,0,0,1
"Eu e minha colega reservamos um quarto duplo, por telefone, com um mês de antecedência, para fazer um curso em Poa.",0,0,0,0,0,1
"Quando chegamos ao hotel, perto das 22:00, fomos informadas de que a reserva não estava confirmada!Então nos arrumaram um quarto com somente uma cama de casal, e não havia ninguém da manutenção ou alguém com vontade para colocar uma cama extra no quarto.",0,0,0,0,0,1
"Resultado: tivemos que aceitar, pois não havia como procurar outro hotel aquela hora.",0,0,0,0,0,1
"O hotel é em um prédio muito antigo e necessita de reforma urgentes, o teto parecia que ia cair na nossa cabeça.",0,0,0,0,0,1
"No outro dia nos mudaram de quarto, e é claro que nós mesmas que tivemos que fazer esta mudança, então o problema foi outro, não conseguimos tomar banho direito, pois só havia uma regulagem no chuveiro: quente, num dia quente!",0,0,0,0,0,1
As condições deste banheiro eram piores do que o primeiro.,0,0,0,0,0,0
"Solicitamos falar com a gerente, mais de cinco vezes.",0,0,0,0,0,1
"No entanto, não fomos atendidas!",0,0,0,0,0,0
"Allém de tudo isso, é claro, há o barulho da rua, dia e noite, insuportável!!",0,0,0,0,0,0
"O hotel é pessimo, tanto em atendimento quanto em acomodações.",0,0,0,0,0,1
Não recomendo a ninguém!,0,0,0,0,0,0
"Hotel para pernoite, quartos antigos porém a limpeza é boa.",0,0,0,0,0,1
Muito bem localizado no centro de Porto alegre.,0,0,0,0,0,0
"Café da manhã é humlide, não espere muito Me hospedei só para um pernoite, não permaneci muito tempo por isso tenho pouco a dizer dos serviços e do atendimento.",0,0,0,0,0,1
Check in foi eficiente e o preço é justo pela qualidade que oferecem.,0,0,0,0,0,1
"Acomodações modestas ,mas boas ,local limpo,com bom atendimento,localizado na região central,prx.",0,0,0,0,0,1
"à rodoviária,terminais de ônibus e trens urbanos e ao mercado central,um bom café da manhã e um preço modesto.",0,0,0,0,0,1
Na verdade fiz uma reserva para esse hotel para dormir apenas uma noite quando voltava de Gramado.,0,0,0,0,0,1
Eu e minha irmã quando lá chegamos ficamos assustadas quando entramos no hotel.,0,0,0,0,0,1
Ao vivo o hotel não é nada do que mostra as fotos do site Booking.,0,0,0,0,0,1
"Sujo, velho, mal tratado.",0,0,0,0,0,0
"Camas velhas, colchoes velhos.",0,0,0,0,0,0
Um sofá na recepção tao sujo não vi igual na vida.,0,0,0,0,0,1
Mesmo com uma diária barata poderia ser pelo menos limpo.,0,0,0,0,0,0
Quando entramos no hotel decidimos nos mudar para outro.,0,0,0,0,0,1
Não ficamos hospedados.,0,0,0,0,0,0
Apesar da simpatia dos recepcionistas não tivemos como ficar.,0,0,0,0,0,0
E não aconselho a ninguém se hospedar nesse hotel.,0,0,0,0,0,1
Fiquei com medo de ficar la.,0,0,0,0,0,0
"Os quartos são pequenos, o local para guardar roupas é ruim, o café-da-manhã até que é bom, e não tem acesso wi-fi para os hóspedes.",0,0,0,0,0,1
"Uma coisa boa é que fica no centro próximo a bares, hotéis, shoppings, e perto do aeroporto também a 10km de distância.",0,0,0,0,0,1
"Apesar de não ter muito direito de reclamar pelo hotel ser barato, mas é importante deixar minha manifestação.",0,0,0,0,0,1
O elevador da morte que dá uns trancos quase parando.,0,0,0,0,0,0
"Hotel de faixada, ou seja, linda faixada e entrada, porém os apartamentos são muito ruins.",0,0,0,0,0,1
"Na época que fui a Porto alegre estava muito quente e não tinha ar condicionado, somente um ventilador que fazia o calor se espalhar.",0,0,0,0,0,0
Internet lenta.,0,0,0,0,0,0
Mas no geral o preço é bom.,0,0,0,0,0,1
"Estive por 2 vezes no Real Palace, e para o que fui fazer na cidade o hotel serviu bem.",0,0,0,0,0,1
"Fica bem localizado, no centro da cidade, o que é bom para quem vai resolver coisas por perto, mas ruim por ser uma área bagunçada como todo bom centro de cidade brasileira.O hotel é um pouco velho, com quartos um pouco mal cuidados, mas nada que atrapalhe tanto.",1,0,0,0,0,1
"O café da manhã é até bom, e do atendimento também não tenho do que reclamar.",0,0,0,0,0,1
"Se confundiram com as reservas que fizemos através do booking, mas logo arrumaram outro quarto.",0,0,0,0,0,1
Adorei a estadia.,0,0,0,0,0,0
Porto Alegre foi sensacional.,0,0,0,0,0,0
Os recepcionistas ajudaram muito.,0,0,0,0,0,0
Local ideal para quem vai resolver assuntos ou mesmo para turistas.,0,0,0,0,0,1
A localização achei muito boa... bem localizado no centro comercial da cidade... pode fazer umas comprinhas e encontrar produtos bem em conta além de ir andando para o evento.. possui restaurante próximo e a estrutura física do hotel está em reforma... os funcionários bem receptivos.... o elevador funcionando normalmente.,0,0,0,0,0,1
"O atendimento é razoável, achei a estrutura um pouco ruim (as fotos do site enganam) e o ar condicionado quente não funcionava.",0,0,0,0,0,1
"Quanta ao serviço de lavanderia, achei meio desorganizado, pegaram minha toalha por engano para lavar, alegaram não ter como encontrá-la e me ofereceram uma do hotel... Pontos positivos: bem localizado, ótimo café da manhã, água quente no chuveiro (na pia, não), wi-fi no quarto e dava pra usar o telefone pra pedir delivery, sem pagar uma taxa muito cara.",0,0,0,0,0,1
"Bem localizado no centro da cidade baixa, proximo de supermercado, shopping e lojas... Apesar da estrutura estar em obras, ofereceu bom atendimento.. possui ponto de taxi próximo e a estrutura física do hotel está em reforma.... só não tinha elevador, pois está em manutenção.",0,0,0,0,0,1
"apesar dos contra tempos, apresenta custo beneficio ótimo.. .",0,0,0,0,0,0
"O valor da diária é bem barato, logo é ideal para quem precisa se hospedar com uma verba muito curta.",0,0,0,0,0,0
Minha experiência no hotel foi muio ruim.,0,0,0,0,0,1
"Além da péssima infraestrutura que inclui banheiro sem box ou cortina, fios expostos, móveis corroídos por cupim, roupa de cama manchada e por aí vai.... O quarto também estava sujo e tinha baratinhas.",0,0,0,0,0,1
O recepcionista foi arrogante ao ouvir minhas reclamações.,0,0,0,0,0,0
Não recomendo.,0,0,0,0,0,0
"Preço bom, boa localização....hotel em obras...funcionarios atenciosos...estrutura de manutenção precaria....tivemos problemas com chuveiro, falta de telefone em um dos quartos ear condicionado quebrado,.........",1,0,0,0,0,1
a localização achei muito boa... bem localizado no centro comercial da cidade... pode fazer umas comprinhas e encontrar produtos bem em conta além de ir andando para o evento.. possui restaurante próximo e a estrutura física do hotel está em reforma... os funcionários bem receptivos.... só não tinha elevador.,0,0,0,0,0,1
estava em manutenção....,0,0,0,0,0,0
"Se você precisa de um lugar perto da rodoviária, para passar pouquíssimo tempo, ainda assim eu indicaria outro hotel.",0,0,0,0,0,1
"Óbvio que eu não esperava um 5 estrelas (pelo site e pelo preço da tarifa dá pra saber), mas mesmo assim achei que a estrutura seria melhor e que seria mais limpo.Quarto antigo, banheiro péssimo.",1,0,0,0,0,1
Eu acho que os únicos pontos positivos foram a proximidade com a rodoviária e um bom atendimento na recepção.,0,0,0,0,0,1
"Primeiro ponto: A localização é muito boa, facilitando o acesso aos demais pontos da cidade Segundo ponto: A receptividade por parte dos funcionários também é boa Terceiro ponto: A estrutura do prédio é consideravelmente boa, um ponto negativo é em relação ao prédio ao lado, pois o mesmo transfere um mal cheiro no corredor para acesso aos quartos Quarto ponto: A internet poderia ser melhor, nem sempre consegui acesso.",0,0,0,0,0,1
"Não se deixe enganar pela fachada/recepção!Hotel velho e mal conservado, porta do banheiro destruída, chuveiro elétrico (no meu quanto queimou quando liguei).",0,0,0,0,0,1
"Pagamento de diária adiantado, peça para ver o quarto antes de fechar!A cama até que é boa (box), café da manhã razoável.",0,0,0,0,0,1
"Hotel imundo quarto ridiculamente pequeno e imundo² os pedreiros eram barulhentos e faziam algazarra o tempo inteiro LIXO EM BAIXO DA CAMA (RESTOS DE PÃO E BISCOITO) Banheiro imundo, vista ridícula... Talvez a única coisa que salve são os recepcionistas.",0,0,0,0,0,1
"Para um estabelecimento pífio desse laia, os preços cobrados se tornam uma fortuna, um barato que sai caro.. deveria ser cobrado no máximo R$ 10,00 pois até Motéis Baratos são mais confortáveis, menos sujos e menos feios.",0,0,0,0,0,1
"Não fiquei nem 3 horas hospedado naquela espelunca, graças a deus achei um hotel descente.",0,0,0,0,0,1
"bonito, confortável e com um preço HONESTO.",0,0,0,0,0,1
Pagar 89/109 reais numa porcaria daquela?,0,0,0,0,0,0
"Economize o seu dinheiro e vá para um motel, durma no carro ou mesmo, se estiver duro, durma na praça, pois, com certeza a relação custo-benefício será mais honesta e fidedigna.",0,0,0,0,0,1
É absurda a diferença entre a propaganda do hotel no site e na vida real.,0,0,0,0,0,1
Fiz a reserva animada com o preço honesto diante das promessas visuais e descritivas.,0,0,0,0,0,1
"Chegando ao hotel, o primeiro susto: pensei estar diante de uma obra para reforma, mas não!",0,0,0,0,0,1
Tratava-se do ambiente rotineiro do hotel.,0,0,0,0,0,1
"No quarto, lençol manchado e rasgado, pão e biscoito no chão, além do mau cheiro.",0,0,0,0,0,1
"Ao desistir da reserva, solicitei o estorno do cartão que foi prontamente atendido (imagino que não tenha sido a primeira hóspede a solicitar) e, neste momento, chega uma funcionária na recepção dizendo que havia um homem dormindo em um determinado quarto.",0,0,0,0,0,1
"Eis que a recepcionista diz que é para manda-lo sair, pois neste quarto não havia hóspede.",0,0,0,0,0,1
Precisa dizer mais?,0,0,0,0,0,0
Lamentável.....simplesmente horrível este hotel!,0,0,0,0,0,1
"Após passar uma semana em lua de mel em um hotel excelente, eu e minha esposa, chegamos em Poa com a intenção de permanecer em um hotel com um custo razoável, e pelas fotos do site e pelo preço, resolvemos nos hospedar no mesmo.",0,0,0,0,0,1
"Ao chegar, já a primeira impressão, na recepção, foi ruim, pois além de estar em reforma a aparência era ruim.",0,0,0,0,0,1
"Ao chegar no quarto a sensação foi de espanto total, o quarto era mto velho, cheio de mofo, as cortinas rasgadas e imundas, a fiação aparecendo no teto, o banheiro podre, inclusive com uma esponja usada pendurada no registro.",0,0,0,0,0,1
Chegamos e saímos para o shopping para não precisar permanecer no hotel.,0,0,0,0,0,1
"Voltamos somente para dormir, tomamos banho com muito cuidado pois tudo era mto insalúbre e a noite malemal dormimos, pois o lugar era macabro e mto sujo.",0,0,0,0,0,0
Na manhã seguinte não quisemos nem experimentar o cafe da manha e estávamos com mta coceira em todo o corpo.,0,0,0,0,0,0
"Como postado em outro comentário, o local deveria realmente ser interditado....quem puder não fique lá....pois não irá se arrepender...é o típico barato que sai caro!",2,0,0,0,0,0
"Com base em minha pesquisa antes mesmo de conhecer o hotel supracitado, vi em consideração principalmente o aspécto do preço, já que minha permanência seria praticamente para dormir, pois trabalhei durante a semana toda no congresso.",0,0,0,0,0,1
"O fato de ser barato não quer dizer que deva ser ruim, de forma alguma, mas realmente me senti bastante confortável na dormida e no café que o mesmo oferecia, além da simpatia dos recepcionistas principalmente do Sr. Victor Cãncaro, se não me falha a memória.",0,0,0,0,0,0
"Tenho mais duas viagens marcadas para o mês o ano seguinte em Janeiro e em Julho, fato esse que levarei pelo menos mais 5 pessoas.",0,0,0,0,0,0
CVonsiderem-me hospedado!,0,0,0,0,0,0
Grato.,0,0,0,0,0,0
Dan Barreto.,0,0,0,0,0,0
O hotel é o pior que já fiquei nos últimos anos.,0,0,0,0,0,1
"Se tivesse uma avaliação pior que horrível eu atribuiri.O hotel é muito sujo,só fiquei no hotel porque cheguei em porto alegre as 23:00 e não consegui nenhum outro hotel para mudar.",1,0,0,0,0,1
"Achei uma barata morta no box do banheiro, e por sinal estava a muito tempo lá, já estava até grudada no chão e a marca dela no piso.",0,0,0,0,0,0
"O carpet era nojeto,empoeirado, fedorento, encardido, etc.O hotel passa por reformas e tem fios soltos pelo corredor.",1,0,0,0,0,1
"Fui acordado com pedreiros cantando boate azul na porta do que eles chama de apto, dormi de roupa porque fiquei com nojo dos lençois, o coberto parecia mais bacheiro de cavalo, duro de peira e impossível de usar.",0,0,0,0,0,0
Acho aconselhável que a vigilância sanitária faça uma vistoria nesse hotel.,0,0,0,0,0,1
O conselho que dou não se hospedem nesse chiqueiro!!,0,0,0,0,0,0
!,0,0,0,0,0,0
Minha experiência foi desagradavel.,0,0,0,0,0,0
A começar pelo recepcionista que cobrou o valor de uma diaria de um quarto como valor de diária de apto.,0,0,0,0,0,1
No minimo deve ter embolsado o valor que sobrou pois tirou o troco certo da gaveta mas me deu a menos e não guardou o restante deixiu encima do balcão.,0,0,0,0,0,0
"Um quarto horrivel, um banheiro mau feito, uma cama desconfortavel, barulhos á noite toda.",0,0,0,0,0,1
Isto que só fiquei por uma noite.,0,0,0,0,0,0
Fotos que não mostram á realidade.,0,0,0,0,0,0
Nunca mais me hospedo lá.,0,0,0,0,0,0
Isto tudo aconteceu neste feriado de 20 de setembro de 2012.,0,0,0,0,0,0
Fora que o hotel está sendo reformado e tem entulhos por todos os lados.,0,0,0,0,0,1
O quarto é minusculo.,0,0,0,0,0,1
Muito apertado e sem iluminação.,0,0,0,0,0,0
O elevador parece que vai cair.,0,0,0,0,0,0
"Minha experiência foi bem agradável no hotel, fiquei em um apartamento muito limpo, tudo novinho e reformado.",0,0,0,0,0,1
"Achei o hotel na internet, fiquei na dúvida, mas de fato foi remodelado e tem um ótimo preço, tornado-se uma excelente opção de custo x beneficio.",0,0,0,0,0,1
"Fiz uma reserva neste hotel e qdo cheguei lá descobri q quase todos os quartos estavam reservados para uma construtora ou seja mais de 100 homens e só eu de mulher, meu namorado ficou louco de raiva por causa disso então eles me mudaram para um outro hotel da mesma rede",0,0,0,0,0,1
"Chegamos neste hotel por volta das 23 hs e apesar de termos avisado da chegada neste horario, disseram que não havia mais quartos.",0,0,0,0,0,1
"|Na verdade como os proprios atendentes disseram, mais de 50% dos quartos estão inabitaveis, pois é mofo e bolor por todo hotel.",0,0,0,0,0,1
"Num país sério ou numa cidade onde existisse um pouco de consideração com o ser huamano, este local já deveria estar interditado ha tempos.",0,0,0,0,0,0
"Não tivemos como arrumarmos outro hotel naquela hora e resolvemos ficar por lá num dos quartos que na cabeça deles estava habitavel, mas nos arrependemos até a morte, pois seria melhor dormirmos na rua que naquela pocilga.",0,0,0,0,0,1
"Tudo caindo aos pedaços, o teto todo negro de môfo....passamos a noite em claro....e no dia seguinte temiamos não termos contagiado com alguma doença proveniente do môfo e bolor pois os maiores hóspedes do hotel são fungos e bactérias.....Agora pela manhã estou decidido a ir na vigilancia sanitária de Porto Alegre para ver como ninguem até hoje chegou até lá para interdita lo.",2,0,0,0,0,1
"Atenção população de Porto Alegre, pela dignidade da cidade façam alguma coisa contra esta arapuca de viajantes.",0,0,0,0,0,0
"Hotel muito ruim, cheiro de mofo.",0,0,0,0,0,1
Já no check-in fui informado que a lavanderia atrasou na entrega de toalhas!!,0,0,0,0,0,1
Última opção...,0,0,0,0,0,0
"Fizemos reserva com 15 dias de antecedência, chegamos na madruga e não havia a nossa reserva e o hotel sem vagas, e olhe que nos foi confirmado a vaga por email, o porteiro com educação ( única coisa que achamos legal, Sr José) nos indicou um hotel péssimo e muito inferior ao real, impossível de hospedar,onde tinha até pessoas dormindo na calçada em frente a portaria, além da bagunça na rua, retornamos no mesmo hotel (real) e nos foi indicado um novo hotel, só que não fomos ressarcidos da diferença de valor, somente da primeira estadia... Ficamos no prejuízo alem de termos passado por cansaço físico e insegurança já que estávamos em cidade desconhecida e era madrugada.",0,0,0,0,0,1
"no site ,o hotel aparece em melhores condições,não fui atendida num dos pedidos que fiz do quarto, o banheiro está em condições razoáveis, mas o que é mais sério é que o termo cordialidadedescrito no site não é o ponto mais forte do pessoal que atende na portaria, falta simpatia, boa vontade no trato com o cliente.",0,0,0,0,0,1
"Sugiro treinamento,pois em qualquer atividade que se faça o relacionamento interpessoal é o que se tem de mais importante para o sucesso do trabalho.",0,0,0,0,0,0
Foi um susto!,0,0,0,0,0,0
"Muito mofo nos quartos, muito abafado o refeitório do café.",0,0,0,0,0,1
"Tivemos que ficar pois já estava pago e foi só pernoite, pois estavamos indo para serra gaucha.Alem de não ser avisado de obras.",1,0,0,0,0,0
"O hotel precisa passar urgentemente por reforma, o hotel serve para quem está de passagem pela cidade só para dormir, como foi o meu caso.",0,0,0,0,0,1
"O atendimento foi bom, e o café da manhã tava bom, o quarto é super simples.",0,0,0,0,0,1
A localização do hotel para saídas à noite não é legal.,0,0,0,0,0,1
"A avenida é complicada, caso a pé.",0,0,0,0,0,0
"Fica perto do aeroporto, metrô, e avenida com várias opções de ônibus.",0,0,0,0,0,1
"Muito simples, esse hotel era nas décadas passadas, parada para meu pai q na época viajante, ficava hospedado no mesmo.",0,0,0,0,0,1
"O café era saboroso, simples, porém agradável.",0,0,0,0,0,0
Fica tudo no ERA!!,0,0,0,0,0,0
"O movimento é constante, barulho na frente do hotel e as acomodações são bem simplórias.Não vá com outro objetivo, senão passar uma noite!",0,0,0,0,0,1
"O Hotel é muito velho, já passou há muito dos seus tempo de glória.",0,0,0,0,0,1
"O ambiente tenta ser limpo, mas não acompanha a movimentação do pessoal, aos péssimas condições de conservação e o baixo custo.",0,0,0,0,0,0
A localização é bem estranha e há barulho o tempo todo.,0,0,0,0,0,1
"É o típico hotel de caixeiro viajante, não recomendado para famílias ou quem quer dormir num ambiente limpo e saudável.",0,0,0,0,0,1
"Hotel antigo, pequeno e nada aconchegante.Noite de sono com muito barulho.Apto pequeno e sem estrutura mínima.Localização péssima.Funcionários nada prestativos.Não gostei e muito menos recomendo!",2,0,0,0,0,1
Fui a negocios e pouco fiquei no hotel.,0,0,0,0,0,1
"É relativamente bem localizado, porem com quartos bem simples e antigos.",0,0,0,0,0,1
"Os apartamentos possuem cama, cozinha e banheiro.",0,0,0,0,0,1
A limpeza e o serviço definitivamente não são pontos fortes.,0,0,0,0,0,1
"No geral, as impressōes não são das melhores.",0,0,0,0,0,0
"O Regente oferece apartamentos mobiliados, sendo que fiquei num com cozinha,sala, 1 dormitório e banheiro.",0,0,0,0,0,1
"As instalações são um pouco antigas, mas estão bem conservadas.",0,0,0,0,0,1
O banheiro é amplo e a sala conta com ar condicionado.,0,0,0,0,0,0
"Reservas iguais resultam em quartos com camas de solteiros ou de casal, vai na sorte... Cama cheia de asas de cupins, dificuldade na recepção de confirmar uma reserva feita há meses (e confirmada por telefone uma semana antes), confusão nos valores combinados... Muita desorganização, infelizmente.",0,0,0,0,0,1
Procurarei outro lugar quando voltar na cidade.,0,0,0,0,0,0
"Desde dezembro , onde hospedaram dois casais de amigos meus do Rio, dois quais foram cobradas uma diaria a mais de cada casal ( nao quiseram estornar o cartao na hora que foi verificado o erro) tentei que me fizessem o reembolso durante todo mes de janeiro, ouvindo do administrador que estavam verificando o erro e ja iam devolver.",0,0,0,0,0,1
"Como estava fora da cidade , parei de dar telefonemas e ao retornar em fevereiro tive que ir novamente ao hotel , e apos muita insistencia consegui falar com o responsavel e apos mais 3 dias fizeram o deposito, mas so de um casal !",0,0,0,0,0,1
O outro ainda vai passar por analise( AUDITORIA ???)!,0,0,0,0,0,0
"INACREDITAVEL , que um hotel deixa passar tao ma impressao por apenas o valor de uma diaria.E esse o excelente serviço e tratamento personalizado da propaganda do site na internet?",1,0,0,0,0,1
?,0,0,0,0,0,0
"Fiquei nesse hotel e nao tinha agua quente no chuveiro.Falei com a recepcao e me trocaram de quarto.No outro quarto o mesmo problema, ou seja, sem agua quente no chuveiro.Fiz uma reclamacao formal no livro de ocorrencias do hotel, deixei meu telefone, mas ninguem retornou pra explicar o que houve.Não recomendo.",3,0,0,0,0,1
"Hotel central, mas de estrutura antiquada.Quartos pequenos, limpos, mas com conforto minimo para um hotel de 4 estrelas.Pessoal de recepção amável.",0,0,0,0,0,1
"Chegados cerca das 10 da noite de longa viagem aérea, nãodispomos porem de serviço de restauração adequado.Café da manhã mediocre.",0,0,0,0,0,1
"Hotel localizado no centro de Porto Alegre, a 15 min do aeroporto.",0,0,0,0,0,1
"De lá você consegue ir a pé até o Mercado Público, atração turística de Poa, vale a pena, passeio imperdível.",0,0,0,0,0,0
"Os quartos são pequenos, porém limpos e muito aconchegantes.",0,0,0,0,0,1
O wifi é de qualidade e o café da manhã possui guloseimas características do Sul.,0,0,0,0,0,1
Levando em consideração o custo benefício...recomendo!,0,0,0,0,0,0
!,0,0,0,0,0,0
"Os quartos sao organizados, o cafe da manha e bom tem varias opçoes de bolos tem salada de frutas.A recepçao e otima.",1,0,0,0,0,1
A internet e paga um valor alto.Os recepcionistas sao solicitos.,1,0,0,0,0,0
Ja quanto ao serviço de room service sao limitados a um determinado horario.A localizaçao e otima no centro da cidade tem tudo proximo.Lavanderia deles nao funciona direito se a empresa que paga para eles esquece eles vao fazer de tudo para nao lavar a sua roupa.,1,0,0,0,0,1
O famoso jeitinho brasileiro.,0,0,0,0,0,0
Conheci o Hotel pois fiz um evento no local onde é disponibilizado salas para tal fim.,0,0,0,0,0,1
"Acabei me hospedando ali mesmo.O Hotel é antigo, tem quantos, novos e antigos,O valor é muito bom, o café da manhã é ótimo, bem sortido, o local é de fácil acesso, fica em frente a rodoviária para quem chega de ônibus e quem precisa vir ou ir ao aeroporto, atravessa a rua e vai de metro até a estação aeroporto.",1,0,0,0,0,1
"Só não aconselho ir passear ao redor do hotel a pé pois é muito perigoso, mas tem shopping e bem pertinho que o valor de táxi será aproximadamente 10,00 reais, durante o dia é possível ir até o centro conhecer fazendo uma caminhada.",0,0,0,0,0,1
O hotel têm alguns quartos novos e outros bem antigos.,0,0,0,0,0,1
"A cama é boa, café da manha bem servido.",0,0,0,0,0,0
"Na hora do almoço o serviço deixa a desejar, o restaurante demora muito para servir pratos prontos e sem muita opção mais natural.O atendimento da recepção é muito boa",1,0,0,0,0,1
Fica bem localizado e durante o dia tem muitas coisas ao redor para aproveitar.,0,0,0,0,0,0
O preço é justo.,0,0,0,0,0,1
Ponto mais negativo são os banheiros apertados.,0,0,0,0,0,0
"Bom para economizar, bom custo beneficio.",0,0,0,0,0,0
Café da manhã básico.,0,0,0,0,0,1
Quarto do hotel confortavel quando tem cama de casal pq a cama de solteiro é muito pequena.,0,0,0,0,0,1
Apenas para dormir pois no hotel nao tem nada para fazer e a comida nao é gostosa.,0,0,0,0,0,1
"Fica bem localizado e durante o dia tem muitas coisas ao redor para aproveitar, lojas, restaurantes, cinema, shopping, Mercado Publico com otimas comidas e a melhor banca de sorvete e salada de frutas.",0,0,0,0,0,1
Quartos razoáveis com ar condicionado de janela.,0,0,0,0,0,1
Pra quem precisa de silencio absoluto nao vale a pena.,0,0,0,0,0,0
Apesar dre alguns comentários positivos sobre a localização eu descordo totalmente.,0,0,0,0,0,1
O ponto é movimentado durante o dia mas a partir das 19:30 as lojas de rua fecham e o local se torna extremamente perigoso.,0,0,0,0,0,1
Outro ponto negativo é o transito no local.,0,0,0,0,0,0
.,0,0,0,0,0,0
Eu tive que descer do taxi uns 500m antes do hotel pra poder chegar.,0,0,0,0,0,1
"No mais serviços ok, cardapio poderia melhorar e cafe da manha basico.",0,0,0,0,0,1
fui muito bem tratado e consegue descansar bem depois de um longo dia de trabalho.,0,0,0,0,0,0
O preço é justo.,0,0,0,0,0,1
Ponto mais negativo são os banheiros apertados.,0,0,0,0,0,0
Ponto mais positivo é a localização.,0,0,0,0,0,1
pois é proximo do comercio.,0,0,0,0,0,0
Para quem quer ficar no centro de Porto Alegre é uma opção.,0,0,0,0,0,0
Seria recomendado para quem vai a trabalho e precisa se locomover facilmente pelo centro.,0,0,0,0,0,0
Fiquei apenas uma noite por estar de passagem.,0,0,0,0,0,0
Não volto.Detestei o quarto.,0,0,0,0,0,1
O box... tão pequeno q para mudar de idéia vc precisa sair fora dele.,0,0,0,0,0,0
Se abrir muito os braços bate os cotovelos na parede e vidro do box.,0,0,0,0,0,0
O chuveiro então.,0,0,0,0,0,0
Horrível.,0,0,0,0,0,0
"Ainda por cima, o escoamento da água é péssimo.",0,0,0,0,0,0
Enqto vc toma banho ele enche e a água demora sair.,0,0,0,0,0,0
O ar condicionado fica encarregado da trilha sonora durante a noite.,0,0,0,0,0,0
"Para completar... enqto arrumávamos a bagagem para o check out, por volta de 10:30 da manhã, batem na porta.",0,0,0,0,0,0
"No mínimo estranho, já q não havíamos solicitado nenhum tipo de serviço de quarto.",0,0,0,0,0,1
Era a camareira dizendo q precisava limpar.,0,0,0,0,0,0
O serviço da recepção é rápido e o pessoal solícito.,0,0,0,0,0,1
Café da manhã é bom.,0,0,0,0,0,1
O Hotel Continental é uma excelente opção para quem quer se hospedar no centro de negócios de Porto Alegre.,0,0,0,0,0,1
"Em regra, é um hotel antigo, com cara antiga.",0,0,0,0,0,1
"Merecia uma boa reforma, mas ainda sim a pessoa é muito bem tratado e consegue descansar bem depois de um longo dia de trabalho.",0,0,0,0,0,0
O preço é justo.,0,0,0,0,0,1
Ponto mais negativo são os banheiros apertados.,0,0,0,0,0,0
Ponto mais positivo é a localização.,0,0,0,0,0,1
Tradicional hotel em localização ótima para negócios no centro de Porto Alegre.,0,0,0,0,0,1
Mas eles podiam fazer uma renovação!,0,0,0,0,0,0
"Os quartos continuam, em sua maioria, muito antigos, com pouco espaço, banheiros estreitos e com duchas fracas.",0,0,0,0,0,1
Gostaria de voltar ao hotel e vê-lo em melhores condições!,0,0,0,0,0,1
"Tradicional mas um pouco ultrapassado hotel em boa localização no centro financeiro da cidade de Porto Algre Ótimo atendimento, mas quartos necessitando modernização.",0,0,0,0,0,1
A falta de espaço do banheiro é um problema que segue incomodando a todos.,0,0,0,0,0,0
"Mesmo assim, recomendo o hotel.",0,0,0,0,0,1
Já Adianto que fiquei hospedado muitas vezes neste hotel.,0,0,0,0,0,0
Eu diria que o melhor é a localização.,0,0,0,0,0,1
"Pois, fica bem no centro de Porto Alegre.",0,0,0,0,0,0
Quanto ao restante já posso dizer que seria apenas um dormitório.,0,0,0,0,0,0
Quartos básicos sem nenhuma sofisticação.,0,0,0,0,0,1
Banheiros pequenos com box da ducha minúsculos.,0,0,0,0,0,0
A lavanderia cumpre seu papel atendendo aos prazos de devolução das roupas.,0,0,0,0,0,1
O serviço de quarto deixa a desejar.,0,0,0,0,0,1
O atendimento também não é dos melhores.,0,0,0,0,0,1
Nunca utilizei o estacionamento.,0,0,0,0,0,0
"A sinalização de emergência é bem visível, ao menos nos andares onde fiquei.",0,0,0,0,0,0
A internet funciona.,0,0,0,0,0,0
O café da manhã é simples.,0,0,0,0,0,1
"Há carpete nos corredores, mas, após a reforma os quartos estão livres.",0,0,0,0,0,1
Acho que deveria haver disponibilidade de chimarrão ao se tratar de um hotel na capital gaúcha.,0,0,0,0,0,0
"um hotel bom para quem vai a cidade para negócios, os quartos são limpos mais nada de mais, fiquei num quarto que estava recém reformado, fui muito bem atendido pela equipe, fica no centro o que faz facilitar sua vida.",0,0,0,0,0,1
"Box do banheiro pequeno.Cama pequena.Não tem academia,porém tem algumas próximas.Localizado em uma parte não tão bonita da cidade, porém tem todo o necessário: farmácia,academia,restaurante,shoping.",1,0,0,0,0,1
"Eu gostei muito do hotel, bem localizado, funcionários legais, café da manhã ok, nada extraordinário, banheiro amplo, quarto pequeno mas como eu só ia para trocar de roupa e dormir, atendeu bastante minha expectativa.",0,0,0,0,0,1
"Hotel bem antigo, com decoraçao velha e recepcao bem acanhada.",0,0,0,0,0,1
"Os quartos nao sao amplos, porem para quem vai com o objetico unico de utiliza-lo para dormir, esta ok. Bem localizado, fica na regiao central se Porto Alegre.",0,0,0,0,0,1
Nao recomenda-se caminhar pelas redondezas a noite.,0,0,0,0,0,0
"Escolhi o hotel por ficar da rodoviária e eu precisar passar apenas uma noite em Porto Alegre.Hotel antigo, recepção acanhada.",1,0,0,0,0,1
"O quarto cumpriu a finalidade, que seria uma boa cama, já que apenas dormiria na cidade.",0,0,0,0,0,1
Café da manhã bem servido.,0,0,0,0,0,1
Achei as imediações do hotel bem desertas e fui aconselhada a não me aventurar sozinha pelas redondezas.,0,0,0,0,0,1
Reformas para melhor acolhimento aos hóspedes são sempre bem vindas.,0,0,0,0,0,0
Acho que precisam trocar o piso dos quartos.,0,0,0,0,0,1
O atendimento foi bom.,0,0,0,0,0,1
Café da manhã bom tbm.Localização boa para quem tem compromisso no centro.,0,0,0,0,0,1
"Quando estive no Hotel estava em reforma, minha experiência não foi muito boa.O cheio de mofo é horrível.Mas hotel é muito bem localizado, ótimo para quem está indo a cidade a negócios.Para quem deseja sair a noite, não é uma boa opção, região deserta.",3,0,0,0,0,1
"Estive do dia 31 ao dia 2 hospedado no Continental Business na Bela Capital Gaúcha, um prédio bem conservado num dos lugares mais centrais da cidade.",0,0,0,0,0,0
"Com nova gerência o empreendimento prima pelo melhoramento em serviço e a prova disso foi a minha descoberta de que estava num hotel como eu gosto quase lotado, apartamentos de ótimo padrão embora pequenos, mas para o executivo a trabalho não há necessidade de mais, Arrumação e Limpeza BOA e a tempo e Horas o que nem sempre se encontra.",0,0,0,0,0,1
"Está próximo de tudo principalmente do FAMOSO mercado Municipal de Porto Alegre, onde continuam as bancas que tanto encantam moradores e turistas, e mesmo executivos em transito ou trabalho.",0,0,0,0,0,1
O restaurante tem um serviço célere e os pratos têm um variedade suficiente para agradar todos os gostos e necessidades.,0,0,0,0,0,1
"O hotel fica bem no centro é ótimo de dia pois está próximo de lojas, restaurantes, farmácias, mercado municipal, camelodromo.",0,0,0,0,0,1
"Mas a noite é um deserto, sair sozinho nem pensar.",0,0,0,0,0,0
"Os quartos são de carpete de Madeira, muito pequenos, alguns ou entra você primeiro ou a sua mala, o box minúsculo também.",0,0,0,0,0,1
Café da manhã é muito bom e a limpeza e roupas de cama são muito boas,0,0,0,0,0,1
"Hospedagem em região central, somente fiquei porque era a trabalho, impossivel sair a noite.",0,0,0,0,0,0
"Quartos reformados sem carpete mas minusculo, somente cabe uma pessoa.",0,0,0,0,0,1
Local do café da manhã sem espaço e pouca variedade.,0,0,0,0,0,1
"Atendimente bem ruim, como o hotel estava lotado a recepcionista da noite simplesmente nem olhava na minha cara.",0,0,0,0,0,1
"O Hotel fica em frente a rodoviária de Porto alegre, qualquer saidinha a noite fica impossível devido a proximidade da região central.",0,0,0,0,0,1
Ideal para estadas rápidas viajando à negocios.,0,0,0,0,0,0
"Como o hotel fica na região central, o transito em horários de pico é muito complicado, ficando difíciu a locomoção e o transporte.",0,0,0,0,0,1
"É hotel bem na região central de Porto Alegre, ambiente que não é lá um local muito agradável de ficar, mas como era a trabalho e só pra ir dormir, deu.",0,0,0,0,0,1
"Aliás, a TAM Viagens só tem este hotel conveniado em Porto Alegre - acreditem!",0,0,0,0,0,1
O café da manhã é bem razoável e atende bem a quem come gluten.,0,0,0,0,0,1
"No meu caso, eu levava os ovos e eles faziam uma omelete.",0,0,0,0,0,0
Valeu!,0,0,0,0,0,0
"Este hotel é um daqueles que cobre um santo e acaba descobrindo o outro, ou seja, ele não é muito bom (apesar de eles terem reformado a maioria dos quartos agora), mas tem uma localização ótimo: bem no centro velho.Então, se você quer ficar num local que tenha fácil acesso ao centro este é um lugar que você pode considerar, mas não pense muito no conforto: o quarto e o banheiro são pequenos.",0,0,0,0,0,1
Ah!,0,0,0,0,0,0
algo que funciona bem lá é o aquecedor em épocas de frio!!,0,0,0,0,0,0
"O café da manhã é razoável, o atendimento é bom, mas não tem piscina nem sala de ginástica.",0,0,0,0,0,1
"Compartilho com vocês a experiência que tive, estava em POA bem no dia que estava acontecendo um evento e vários hotéis lotados, com isso achei que o valor para a estrutura do hotel achei caro, pois o box do banheiro muito pequeno e quarto também.",0,0,0,0,0,1
"Hotel com excelente localização, quartos confortáveis com ar condicionado e TV a cabo, próximo a shoppings, centros comerciais e lojas de departamento.",0,0,0,0,0,1
Bom atendimento.,0,0,0,0,0,1
Café da manha pouco variado.,0,0,0,0,0,0
Restaurante a la carte com pratos deliciosos.,0,0,0,0,0,0
"Um bom local para se hospedar ,ótima localização, bem no centro de Porto Alegre.Deixa a desejar no room service, pouca variedade e muito lento o atendimento.Recepção atenciosa, mas um pouco lenta.",1,0,0,0,0,1
"Café da manhã simples, mas agradável.",0,0,0,0,0,1
"Hotel bem localizado, mas bem simples também.",0,0,0,0,0,1
"Café da manhã normal, sem novidade.",0,0,0,0,0,1
Atendimento muito bom.,0,0,0,0,0,1
Interessante para quem trabalha no centro como era o meu caso.,0,0,0,0,0,0
Fica perto da Av Sen Salgado filho onde trabalho.,0,0,0,0,0,0
Próximo ao Rio Guaíba e pontos turísticos de POA.,0,0,0,0,0,0
Bastante confortável.,0,0,0,0,0,0
"Relação custo benefício vale a pena, comprei pelo Booking e saiu por um preço bom.",0,0,0,0,0,1
"Recepção foi um tanto lenta para fazer o check-in e check-out, contudo nos ajudaram a pegar um taxi rapidinho.",0,0,0,0,0,1
Café da manhã com poucas variedades.,0,0,0,0,0,1
Estava esperando algo ruim pelas avaliações do Trip Advisor.,0,0,0,0,0,0
Encarei por conta de uma promoção da TAM e por isso não posso avaliar o quesito preço.,0,0,0,0,0,1
O hotel é razoável e bem localizado no Centro de Porto Alegre.,0,0,0,0,0,1
"O quarto era bom, limpo e o banheiro idem.",0,0,0,0,0,1
Apenas o café da manhã não me agradou.,0,0,0,0,0,1
Se colocassem uma torradeira já melhoraria.,0,0,0,0,0,0
O hotel é simples.,0,0,0,0,0,1
Bom para curtas estadias.,0,0,0,0,0,0
"Serviço de quarto não vale a pena, os pratos são congelados e pouco saborosos.",0,0,0,0,0,1
Alguns restaurantes próximos com melhor custo benefício.Sempre fui bem atendido aqui.,1,0,0,0,0,0
"Muito simples, apartamentos pequenos, e parecem ter sido decorados por São Francisco pessoalmente, 1 cama, 1 cadeira, 1 mesa, 1 frigo bar, e 1 armário (sem portas, que funciona mesmo como cabideiro).",0,0,0,0,0,1
"Para piorar as coisas, os 2 únicos elevadores do hotel estavam quebrados e não havia outra escolha, se não usar as escadas.",0,0,0,0,0,1
O prédio tem 14 andares.,0,0,0,0,0,0
"No café da manhã, o bufê é também franciscano (pobre de opções), mas dá pro gasto se você vai ficar uma ou duas noites no hotel.",0,0,0,0,0,1
"Vantagem:Localizacao para que precisa ficar no centro da cidadeDesvantagem: Quartos pequenos, Cafe de manha pobre e mal localizado(Voce come no proprio lobby do hotel, frente as pessoas que fazem checkin e checkou!",0,0,0,0,0,1
")Nao tem academia de ginastica, nem piscina, nem saunaPreco alto para o que oferece",0,0,0,0,0,0
Serviço de quarto ruim e quarto apertado.,0,0,0,0,0,1
Sem academia ou outras amenidades.,0,0,0,0,0,0
"Se quiser internet, pague.",0,0,0,0,0,0
"Mas não espere velocidade ou estabilidade, mesmo pagando.Café da manhã tolerável, mas sem grandes predicados.Ar condicionado janeleiro, muito barulhento",1,0,0,0,0,1
Infelizmente por motivos profissionais eu tenho que ficar neste hotel.,0,0,0,0,0,1
"O hotel não oferece nenhum conforto como piscina , sala de ginastica ou qualquer outro tipo de lazer.",0,0,0,0,0,1
"O quarto é pequeno, sem o menor conforto.",0,0,0,0,0,1
A TV é minima e a geladeira faz muito barulho.,0,0,0,0,0,0
"Verifique se trocaram o arranjo de cama, eles tentam não trocar.",0,0,0,0,0,0
"A cadeira é de Madeira sem almofada, bem desconfortável.",0,0,0,0,0,0
"A mesa , mal cabe um Ipad.",0,0,0,0,0,0
"O serviço de quarto é péssimo, a comida é horrível.",0,0,0,0,0,1
Só fique neste hotel se não tiver outra alternativa.,0,0,0,0,0,1
"Hotel com bom conforto, cama box, bom chuveiro, frigobar e ar, limpo, localizado no Centro.",0,0,0,0,0,1
"Cafe da manha nada sofisticado, porem bom, suficiente para um bom desjejum.",0,0,0,0,0,0
"O apartamento nao é grande, mas bom.",0,0,0,0,0,1
"A unica coisa que chamou a atençao foi o valor da diaria que estava salgado para este final de semana em Porto Alegre, em funçao do show da Madona e inauguraçao da Arena do Gremio, havia muita procura na rede hoteleira, aja visto que estava muito dificil conseguir acomodaçoes em POA e com isso os Hoteis subiram o valor da diaria.",0,0,0,0,0,1
"Quartos simples e bem pequenos com banheiro meia boca, ar condicionado algumas vezes barulhento, café da manha bem basico, e a internet, pasmem, 12 reais por 24h.É um hotel que engana qualquer walk in pela recepção bonita.O room service é o erro, a comida é simplesmente horrivel.",1,0,0,0,0,1
"Estive neste hotel por 2 dias fazendo um curso pela minha empresa, deram uma lista de hotéis e acabei escolhendo este pela localização, mas acabei me arrependendo muito desta escolha.",0,0,0,0,0,1
"O quarto era muito ruim, eu entrava de lado (não sou gordo), para entrar no box do banheiro também precisava malabarismo, sem contar um objeto pontiagudo que exite no chão para a porta do box não bater, que pode ocasionar acidentes.",0,0,0,0,0,1
O atendimento também foi ruim e o café não chega nem perto ao de outros hotéis da região em que já me hospedei.,0,0,0,0,0,1
"Como dica, fica a de que virando a esquina existe um hotel muito melhor pelos mesmos preços praticados neste.",0,0,0,0,0,1
"Estive em novembro/2010, por 6 dias, hospedada neste hotel com familiares.",0,0,0,0,0,1
O atendimento dos recepcionistas foi desigual e arrogante.,0,0,0,0,0,1
Sou gaúcha e sei que a hospitalidade sulista é bem conceituada.,0,0,0,0,0,0
"Umas das situações que mais nos constrangeu foi de não poder receber visitantes/familiares no quarto, por causa do risco de pagar 1/2 diária.",0,0,0,0,0,1
No geral o hotel está muito velho e ultrapassado.,0,0,0,0,0,1
"Não estou reclamando disso pela decepção que tive com a recepção, mas porque é uma verdade.",0,0,0,0,0,1
"Espero que esta mensagem ajude o próprio hotel a melhorar, em todos os setores, mas principalmente no atendimento.",0,0,0,0,0,1
Por enquanto eu não o recomendaria a nenhum conhecido.,0,0,0,0,0,0
"Reservei esse hotel através do pacote da TAM Viagens , era o único disponível para POA.",0,0,0,0,0,1
"Imaginei que deveria ser um hotel bom, pois a TAM não elegeria um ruim... Ledo engano!",0,0,0,0,0,1
!O hotel é horrível.Pedi o quarto disponível para pessoas alérgicas.,1,0,0,0,0,1
A única diferença para o quarto comum é que não tem carpete no chão.,0,0,0,0,0,1
"Na cama, um belo cobertor felpudo que me deixo com o nariz coçando.",0,0,0,0,0,0
A cabeceira da cama era de carpet!!,0,0,0,0,0,0
Horrível!!,0,0,0,0,0,0
Mas a pior parte era o banheiro.,0,0,0,0,0,0
"Cinza, escuro, com o piso do chão cheio de manchas e quebrado.",0,0,0,0,0,0
"Quando entramos no quarto, tinha uma poça no chão.",0,0,0,0,0,1
"Liguei para a recepção reclamando, mas nada fizeram.",0,0,0,0,0,1
"Só secaram o piso... As toalhas são horríveis, cinzas, pequenas e duras.",0,0,0,0,0,0
"Para piorar tudo, a internet wi-fi é cobrada e não é barata.",0,0,0,0,0,0
Não recomendo!!!!!,0,0,0,0,0,0
!,0,0,0,0,0,0
Hotel muito apertado.,0,0,0,0,0,1
Uma mega escada para ter acesso.,0,0,0,0,0,0
Apesar de ser proximo a rodoviaria e do centro.,0,0,0,0,0,0
Nao há elevador.,0,0,0,0,0,0
"O corredor é minusculo, a cozinha também.",0,0,0,0,0,0
Foi muito dificil subir com as malas.,0,0,0,0,0,0
O cafe da manha é bem fraco!,0,0,0,0,0,0
Apesar na baita localização - muito próximo a Estação Rodoviária (Trem e Ônibus) o Hotel é terrível.,0,0,0,0,0,1
"Péssimas instalações, tanto de quarto, como de infraestrutura.",0,0,0,0,0,1
"Lá tudo é baixo, tem que se andar praticamente abaixado.",0,0,0,0,0,0
"Não há elevador e o Hotel começa a partir do 2º pavimento do prédio, logo escadas.",0,0,0,0,0,1
"Não me arrisquei no café da manhã, acredito que também não seja dos melhores.",0,0,0,0,0,1
Na verdade é um motel.,0,0,0,0,0,1
"Chegamos a noite e o estacionamento que havia sido prometido pelo booking que seria próximo era há quase dois quarteirões entrando numas ruas esquisitas com boates, garotas de programa e malandros pela rua.",0,0,0,0,0,0
"Ao chegar não nos ajudaram com as malas, eu (mulher) tive que subir vários degraus sozinha com inumeras malas, só havia uma moça na recepção quem nem sabia onde era o estacionamento, foi preciso um cliente explicar.",0,0,0,0,0,1
"O quarto era minúsculo, as toalhas surradas, no banheiro havia barata, o sabonete tinha cheiro de sabão e passamos a noite com medo pois havia transitado de pessoas durante a madrugada e de manhã fomos acordados com um som desagradável de uma boate.",0,0,0,0,0,1
"O café da manhã foi triste, o bolo de chocolate duro, os salgados com cara de ontem e frio.",0,0,0,0,0,1
Enfim não recomendo.,0,0,0,0,0,0
Eu e meus colegas de empressa tivemos um mal atendimento no hotel home fomos muito mal tradado pela atentende da manha que se chama a rainha caremdo hotal esta pessoa trada muito mal os clientes se vç sair do hotel de manha e nao pagar a diaria do dia seguinte ela se se torna uma pessoa muito mal eduacada com o cliente nao sabe falar como uma pessoa normal e sim como um bicho ate um bicho te atennderia melhor vç mais nosoutros turnos sao pessoas muito bem educadas com o cliente limpesa boa cafe bom acomodaçoes boas munutençao e conservaçao boa e atentedimento rapido e muito bem educados o resto do pessoa mais a rainha do hotel nao da para querer se vç se hospetar no hotel home minuano nunca chegue na parte da manha chegue a tarde ou a noite vai ser bem tradado nestes turnos,0,0,0,0,0,1
"Ficamos hospedados 1 noite ótimo quarto tudo novo, camas excelentes frigobar completo, atendimento bom, muito silencioso e ar condicionado splitJa me hospedei 2 vezes neste hotel, custo beneficio 100%",0,0,0,0,0,1
"Gostei da proximidade com o comércio, rodoviária e ponto de ônibus.",0,0,0,0,0,1
"No hotel o café da manhã deixa a desejar... pão duro, bolo ruim.",0,0,0,0,0,1
"pouca variação de sucos ..e na av farrapos é difícil circular depois das 19h, o maior complicador é o viaduto q aproxima muitos usuários d droga, e prostituição.Porém se você não pretende sai a noite e uma opção pois fica perto da rodoviária de Porto Alegre o principal inconveniente e os 5 andares sem elevador.",1,0,0,0,0,1
"Pessoal, Tive que ficar uma noite desse hotel depois de voltar de gramado, foi o único hotel disponível, era melhor ter dormido no carro.",0,0,0,0,0,1
"Mas estava com a minha família... Nem consegui durmido meu voo era as 7 da manha as 5 ja estava saindo do hotel.. fiquei 4 horas horrívelNo quarto do meu amigo, a esposa dele achou achou um camisinha no chão.",0,0,0,0,0,1
"Ao lado do Hotel tem muitas cracudo, aviso a vcs e melhor durmido no carro",0,0,0,0,0,1
"Hotel com atendimento, serviços e acomodações ruins.Roupa de cama e toalhas sujas, não tem limpeza de quarto, cheiro de cigarro em todo o hotel, sem internet.",1,0,0,0,0,1
"Localização pessima.Nivel do atendimento: fui fazer o check-in e a recepcionista falou para eu pagar apenas um dia, porque geralmente as pessoas não gostam do hotel e não ficam o final de semana todo.",1,0,0,0,0,1
O hotel é extremamente sujo e o local em que se situa é ponto de usuários de drogas.,0,0,0,0,0,1
"Definitivamente, não recomendo.",0,0,0,0,0,0
"Até que as instalações não são tão ruins, mas a limpeza é bem superficial, deixando o local com um aspecto e cheiro bastante ruins.",0,0,0,0,0,1
